id,customerName,customerAddr,effectiveDate,mktSegment,status
0,a55b8e05556ef95f214cdc26a20cc8db,8c438227d33b22e5e44fa4281e52dff8,2020-03-26,8,1
1,3846eead52448b1f125b9cda652eed01,f36b0d866583b2ab52a1a13ec1e26ed1,2013-07-10,3,1
2,31e4cd36a7e9d4dec94eb04f675c9349,21cd8fbf87026aed3d9e66b6c43ab473,2010-05-09,8,1
3,77fac60eb314f54f9b255b2cab204a61,13c60708d328cea25b2bfbcdd824e56e,2010-07-21,1,1
4,8bf68f19ce460b51ccc29006732550c0,01aa90c6f4766e150f000265e34b81db,2017-05-12,7,1
5,8fa1a75673b33f2f580c98eb535fcbe6,cd99e197c2ddd429e537bfa33a91a3e3,2016-01-10,2,0
6,be31f022b789262e6c6b8fc098c45355,d7ee138d82c86251433edf030ce66eb2,2017-09-30,1,1
7,8516c194f45ba28f797f09c3b7edc867,c7bba752b1300cacb128922dff75d793,2019-06-18,4,1
8,9cb45be8a10d8d9ad1fd05bbb9cc5850,06c9ff3d5cd2101474f39129c47d0f70,2015-11-12,8,1
9,d7f09d42be0a2592764d8135eea48f5c,52183de89671fef4fbac84fd6b052ec5,2016-05-31,8,0
10,54b15040e550949627a41098f755f110,4d6dd6bbdadacfa5fc4858eb8524943d,2016-06-08,2,1
11,0d21dac012d180ae12ef2c94e0acd648,5d00f7195123a2ee4863caec3ce35d27,2015-09-08,4,1
12,eac8256a3af866d5599e1dbc9ad7af2d,bcd2d7f1743a5f168f5da8d67c0f7a65,2016-02-04,7,1
13,9830b44f9b34a089a00b614e2357a105,16436491fd0e197174f4b03d801d73b3,2014-05-25,5,1
14,e5b64fda36d60a3fed5b11c19deaf752,41ab74fe3faa13bbc6b26fcf10ebc1fa,2012-12-24,6,1
15,a3fbdaeee163ade731f6021b84e1d1e7,b250b3a51ec82fa81c79988c7dab01d4,2014-11-11,8,1
16,3880d52b491fc932d0a6ccd89dfd0b25,3affa449875add5f5bb30bc1b6c418ba,2012-01-04,3,0
17,c5b36c60ac1e57ed0eea958726782f8a,a2f76a2aaeacfd7453502030307b6b42,2012-01-02,7,1
18,fb04047808ee7261048a607fb276cd4c,7aa1f10ee00bb53f714abaebee3445b7,2019-05-18,1,1
19,71d1c66cbc61f7e32061aac8da969188,9537f14f0e0162f843274a4801b0b73d,2015-09-04,6,0
20,2ac16e3d9fa55787d918e38e15b67ec6,fd6d8a0dbe6859e57527e02dcafce097,2011-04-30,4,0
21,af11c4060166a77faab9ec3f3a879679,eb52af786ff5308fc6951054c80b811c,2019-10-24,7,1
22,a448185dab1645969e43db4c2a0399ed,9011cc9dd52ff33281721d699c2b31ef,2011-10-02,10,1
23,fa79809eaffb17be843d27c3e4e0b17a,e465b72a4d51f0900910763632882a88,2019-07-03,8,1
24,03405ac3e26540e96a2d4bbfad4a2c6e,425f65a4cdc51429a0758a681b9f8af1,2015-08-24,3,1
25,8d49dd915bfa4975a0355362219fa4da,4a21fe81261264ce8f9e3a49ddebd364,2011-06-01,4,1
26,883e8ab85e31d0ca288b6841cdb5a1f3,9ce2581af592bf7a0ea028e32a83ac8e,2011-10-23,10,1
27,5ff524cd25371ae08914a5a550b30618,b3464f488b518dc8f64e21652fe0f262,2015-02-01,7,1
28,e51c5f09750d4fe8e8fd44bbf6f184c5,907d167ec766ec057826d3991da0c18b,2011-04-02,7,1
29,0972aa9a56dde7c207e8076ba90bd0b3,89457032145fe13fe38b410c58226fa5,2015-08-08,2,1
30,f8781cf4023965d8fe3c3e8478f67ac4,c576d7fca24f683911814ed49f209096,2015-08-15,6,1
31,f9c0fbb0c208c27437b2366327135313,2fc4d831d75b7369015175a63ccc6045,2019-10-06,6,1
32,186fc214b6edb5dec405db384a78c0bf,f3099b2dcb1e5b529f9af0cd5fa64cd0,2014-05-30,8,1
33,90271e3b828c83ebac77330a8b382f8a,8006222baa35246d36e594e8660c7323,2012-04-02,1,1
34,f8006f250d87cdfd3d090fc82e6159c0,c5671dab86f1f3b7db659e94cce00f44,2010-11-18,10,1
35,a080de09263727ea35a507a03f9651c4,7197b8f6744b6419d9b752e56404fc18,2013-10-25,9,1
36,352065be34b9dbf2d4b453468c428ffa,4908ae9acca41911c4321e07f13f0f52,2012-07-06,10,1
37,32a25e61cbb0eb5cfddcf92c4a598ab9,829e005c572f00ce48e8dd1291081e66,2010-11-22,7,1
38,fc1d878afc7ea5455f24d4c6b0de3989,bbaccfb0cf284544e045f3a6aecc7a41,2017-04-08,5,1
39,70e9594388d7acc806c2023d8bd6aaad,40b149ab67e70fe0f7ff7466db58f638,2015-12-05,9,1
40,0ad547ac4a59587763638e8b5bea2375,083c58acaf22a710d68507d3b41034f9,2017-11-26,4,1
41,6e14e85fa3ebb1915be9b3a6c9acc467,a6b19e643c5382ffa7bf01dd37d8d34f,2017-04-14,3,0
42,6cdd0dff289c085e12e7ceee8837f4f7,fabdd3f78ec9fcdd63b6534aade9188a,2019-09-14,8,1
43,443d47e708ed1fb9d9125e2dba45b086,5b96f9529149f2165770cb562a5767f7,2019-04-29,3,0
44,b2ca7773a5e9658355d954c532583cc3,b17c580f18afb6a9f5fa7abc44c401e5,2012-12-11,6,1
45,d1dafe3c3605c6a7d6390967949e979a,150f8c7d9bccb92f1a33e527f0bcfb99,2016-11-14,10,1
46,313948addaf27780ae7f1f2e56057600,4c9108571f8a538fdf5bf1147201bb37,2014-03-21,4,1
47,61161405f7dc235c76a8d16fd2ae72fb,8e2992203dff507622b4a861a06f51a9,2015-10-06,9,1
48,ba8d0d32cada927a44f6a5c77f365d5a,764d71aac7d85b82ebbb0dcc716445f5,2011-07-09,2,0
49,a965917feb819f4658e950d5ab722fb5,869a5d88b3eaffb2a588d534098cfa1b,2010-05-12,5,1
50,8e4e3cdc25af6eb48241a430430ebafb,8e82b32f68f6707211600e7bda394654,2015-04-10,7,1
51,85603618f2d1cb088a1339a01b73b5d9,fbef065a0d9b4fde192fd15aead36daf,2016-12-13,9,1
52,b9e28821bfc9479368e3ba07b3ce4a76,086efd4d304400995d519688063914e7,2019-04-14,2,1
53,65263207f43fb747863756108f50a659,3c5e8543c30c4d23dc4c2f7337942c44,2020-03-13,4,1
54,3aa00f2e86acd7f39167ace9dd81a7b1,34eabafea258917031d3e2984f9f890c,2014-11-26,3,1
55,1d39b92cef0a6eaa588af3e6144769e6,f07fe2f392acc6d6625a6f907437955c,2019-07-09,7,1
56,0fa862d440192a2c009fca050c7c5b29,6e7348bc543c83da763050ae280fafad,2011-12-11,9,0
57,31594fe3be71e1a1ae845d1514f99137,d7bab35fa882fe8cd4c1ef48f1cc7823,2014-03-16,3,1
58,10418ae02723b3e50d7cc62d035c004f,1d9a3ec822e129b7bc40e72fa5add19c,2015-08-13,6,1
59,43ed93b0d307a6edee1125f332677f69,417e98ebb378dfb81e11d8e40f893117,2013-10-21,10,1
60,59c4d1ebc36015577612f3a46029b4d5,fedf815348cb54a0739e6b8f87f9765f,2010-03-17,5,0
61,4ae032bffce4c0a07e21b4dca8dd9f89,25ce6df35c4255af1b1cb87e8eeaa230,2019-09-12,6,1
62,ad6bdb1a1c07843c2adc679ddc073b11,d00835f80d515588d4e2712bda459840,2015-09-03,3,1
63,46448d121415564ff6189135c384977e,964e9fbce05f13a621ff0b3300f76745,2016-12-16,2,1
64,5dd628fb484ef9cb6ad7f7a39c5054de,413c14a54f847c47138b709130494184,2011-02-09,4,1
65,44e9154422412fffc4675c3ba028bb89,b29c40d91ffb707b45aceed88cff095c,2018-11-13,1,1
66,cebd4f720caf125386ab68a71dc4440e,43983b1e20a583310f21fa7f896960e3,2019-12-30,7,1
67,81bb64d9da8190f4038ebd603511a934,039e1f937e996d13a5759c0ae3dcdd43,2016-05-16,8,1
68,c29829799be7c8a46641551ad69f1f36,13c5325305e189c3723721376e765354,2014-03-25,6,1
69,b243d4c30a04585dfc557ad6df2ef0fb,acd2c32ccd53565bd52aec4131da2a01,2011-05-05,7,1
70,2d639200f8410281c17be1c4276da648,f6291695c2cdaa2bd4ef49d4952e991e,2013-10-26,10,1
71,7a5beb523667f0b89767dc4c1d441643,728f0a2c4ec92fad2c539085b1cc9078,2017-03-29,4,0
72,56dd98e6e0af868d3a388a36991c4fed,f0116db67382b5d1aef85654c777c60e,2012-09-29,6,1
73,3b01452de3aed059b3c551475853081e,4f0d158a57c888c0093ca821a25b2a5b,2013-05-12,4,1
74,652c8819020e6478737eb09a402d48b3,3248d2366343263375b94e4124763536,2013-08-10,10,1
75,a737167eb8f16176668e1fee932de068,9ff73010102d9244e095c5d242563478,2017-10-27,7,1
76,18cf74a61bfef3aa8ecfeba5078c84be,87c543dc1f50e659b5a76fea0f9b33e0,2012-10-12,4,0
77,15e321c10035eda6861bb059f08df7ba,f9d8f96bd264aec21aa1965c9b343ff9,2020-10-15,6,1
78,cc5dab98a229aaeb0871c4a33606b1eb,7b0117726bf4a2118020e3677c11f4c2,2018-04-30,5,1
79,2923712e01976d069ea4be5102b0bc02,cd633d15cf473300a898903e411df90d,2017-04-02,3,1
80,165c3976a968c94bf88b3743cda249dd,c2d220161c25ba87c5688debfb00960a,2010-04-13,10,1
81,b4cbcdbee8a41f17868850876012e432,13cf321a0358f74c66555d4dc78f1c1b,2019-02-19,3,0
82,ebc58a69c85a374dc8e8d2d974d927f9,250321de6957827217105dad57d64169,2014-03-03,4,1
83,932ed0d51b244a11aace3d2448c2bbb0,26ef195d3564a8ce55b1b43b44c0fa0f,2013-08-16,4,1
84,a2e2dd5eea47b56ca56bb21431212d7b,16ce59f5c9a586fdcafb49393cfaebd3,2013-08-02,4,1
85,888dfabe47e5ff9356d02465ffd2c86f,94a235d5afdbd847904d1d789f4db6e3,2017-05-29,2,1
86,c2ba5ca0976400012c8477ae5aef8b34,d4c9cd72d40c64aa39070a1f1c503e4b,2020-03-25,1,1
87,d2e8de7ed94d4ee3c8d29c047337e928,ef08827b7f5fec42a8d1582ba0e9545e,2012-10-12,1,1
88,1123e81a3f5d9157f727da81257b9b47,2558554c9b19bf7f038bb8dc8bf20680,2017-10-28,10,1
89,2acf9accdd3458939a6c67a6424d2244,477ff095046f774c60612a9bfbbfd001,2012-04-24,5,1
90,0872f1bf243ff24d73a23cdd3940b74f,f4401a2d879e1df98ab1a4745f186a32,2011-05-14,2,1
91,2f3c5d1e880a1532e86939e274ecdb65,1795916e8f9090c8282a77bcbd6d4c70,2020-05-06,9,0
92,85734735dd77e606361cf48fd42d9fb9,12231cec697f63d2eb43eab745c36a35,2016-06-03,10,0
93,5825e757da2d78e096af83583d45eef2,834d92b4fd664b9b7cab23a398f5779b,2014-03-03,4,1
94,9230c87f883f8e8fa344b1c49167151a,ddd19a7d3f01741ee419351201bbe427,2014-08-22,7,1
95,07562d1fbe815d58ce41accb59dbfe16,03d4d2265c8dfbe490e048cea583ccae,2018-10-14,3,1
96,12fe4006c75f5e1d1efc66d4c1319021,6d0477e6e88ba780930d1904073a73d8,2019-02-11,8,0
97,9c116204080c9b0d79a2bc4557cd7528,f56bb2c8b24f1883a9fa6b51cb0b44b7,2013-09-04,4,1
98,a0afa74eedadd96221c450a99b07de5a,17c3be1accdea0fff45782d383016b21,2014-10-26,1,1
99,bc28187ff95b2431b6adea9d2023dc16,15e06ed5efdd3b14028a38b9681c7db5,2014-06-04,3,1
100,f735336e3dcc7c02ba3e930d20dd83a0,f1cb6bbfd19204782b4b32582dcbae2a,2016-05-31,4,0
101,d4937b750d8dc766ca591fc76da2241e,eecdcd0f82b57918998f1b9c67cb2603,2013-11-09,1,1
102,9ad4eedd17b97906c5ea6eca9b88df78,d926eacbaa4401a21c08072d281a9c56,2012-03-03,8,1
103,1a5d3e6ed73efbbd7c9348d5e89edcef,5b0c370f7c7a4631e153e94b58db8ce2,2019-12-03,3,0
104,ba5dda790f0926945e831d0625179fe5,74b8cd8231dc60640fb2d3d91bf172e8,2018-03-09,4,1
105,0e0187626a1c5394530759dc36a8f23b,3fa34b1743041d18346770ea536dcc34,2018-08-17,10,1
106,16a71f365876412ad2945929e3ea0091,582635cd793ea6102db7cff22a0aea12,2010-11-19,6,0
107,c20e30488cbf42a9a038e7ddc32e3195,c7c121a904108502da6b603185425a51,2019-01-16,9,1
108,9b840480881ce0c7579ea9a634e74c2c,4c998cc144f17351554cc59fd3daa567,2019-11-06,3,1
109,78e18e83d1870a8802033d9cb677bd51,6212634f9bd5baada7e6195759605967,2010-01-09,8,1
110,c3a0ce8d59f7ea4f85fc079b49ffdd3a,58e5a8d620603eeb615717b1815ff1bf,2014-12-25,4,0
111,187cc8734a9c19e6d5c7e68888485695,0b8b59515dbc03ae25d8dae541d3ae9e,2012-01-13,6,1
112,fccdd7d5d9495bbde5262864b7dc3a5b,904c119dac29c15751c14be96c192a03,2010-03-11,7,1
113,25950057e4be0ce05d2a3f34f402a561,2f04d79bed2a7d86d3812822338a0bad,2020-11-26,10,0
114,b793cfc10167efc923355747ea38bdef,87f3bb4f29d76508680da89a846969eb,2014-11-04,7,1
115,9eee3909317c5f8c3d7c01933d4c7112,409123cda7d719cab9be49c003bb10ac,2015-01-10,2,1
116,6890912c86c979285a74d5c37e0df06f,dc01b6150d7978be0983cd3022a346ab,2015-12-23,9,0
117,38a4abd1c5616e4525b066b6a711b9d5,50fdbac63041dda92d755a3d7261f698,2018-08-28,9,1
118,559e5d5b7c14f78af9bb0542e2804695,3b7b6d945c183a89f416b7f832980699,2018-11-15,1,1
119,cc35ebbf76369d56e19b175d9e60894d,42fb93c262954cc0165db2fe6e22ca33,2014-03-23,6,1
120,88a32c1bffc893f3b896aaa10d3e62d2,5272983ac7a081e80bf0d3b768bd45f8,2018-04-25,9,0
121,9635bdba89cf82ed7c6781fcf831aac8,82e760f5d5a1a05d061fd1de4eb984d6,2011-11-15,4,1
122,dbe6e7a0c1ee8b3d4912dc5ab4e015ca,0e5607edc5c2ff8b37dddb0401d86dc2,2014-01-10,9,0
123,376e12862e3521b3bd769d6be441a465,420ecb0b81e6a4e3090a7a015ff89103,2020-07-04,6,1
124,71a0dfdc1cfe86531b6251b31c784af5,7cb0f9df42bdde9d86334b6e806112b5,2017-09-24,1,1
125,2f245eae00478999d085b087b98cf3d6,e9ec50c6614bb4a95203f96bbbe2bcd3,2014-11-27,4,1
126,9c2f96879d538978e75ef347cc221246,962ea3b261c839e7f97e0b9f1ed0991d,2013-08-10,10,1
127,d083df09b94cb5fde7bae294239d01ed,806a0b884622621efe968d75bd1708a2,2017-07-15,8,1
128,ad85de5057790650c53fb2ec505d4803,f54fabe3703c94fd4d58e28d40e115b1,2010-08-04,7,1
129,e5903282298dcb84d036e90ca41aab76,91623609bde32150d2b45087ede60005,2013-02-12,5,0
130,1afa90cf69c59fb7b1eadb225d722487,b53c267291827d4b589d4ab40ca1409e,2017-01-01,1,1
131,82f2c89d6ec6f9e5b3f7a8e5ce665eac,6302ab88a1f0d49c6a67982218cb1be5,2013-11-06,7,0
132,5183a3bfac8cca8ca295a31cf8e885a2,a7611dc3b1a150b260c0ac8efceb7699,2011-01-21,5,1
133,a8494a194fa77a6a9bf2944246ba4c51,5047db9ec0fe1d86b07ae526a0f85021,2017-12-29,3,0
134,e1e40ec97fd863b2ad5423d0e4a57e1f,ecce2e7faa577f849fe10a071e5fe2b1,2019-05-30,8,0
135,ffceb0342698e3aa111ecff915d69fde,ed1c202d0804b399ddb87ccebf9e57ab,2015-10-08,5,0
136,fd91cbdaec4b195565cddd397fc7e226,ee94738514cd0563d5ac8a47482b9049,2011-09-01,3,0
137,708d5c0400dd2c3eb9fbd03d493b5075,afa6cc25e7803a803b0d296a9d76a4eb,2016-01-22,9,1
138,7152eee601e70c03497b8596ef27f0c3,eb14ae6f08acd69c6f69f990c3dd48fe,2010-01-12,3,1
139,27f7631aa0f394f10b73bca6296677d3,a08aeb5e9c9a04c4ec96e1d1004df99a,2010-06-14,7,1
140,c3a49b83f960fcb9957fad6b73d8c538,6123193e0dc26d339493fc43ac6882e3,2012-07-24,4,0
141,00d2a4041330573ce2cd87e8463d9f3d,dd9d69a1a296d25564d9ca8d3834f650,2012-08-05,7,1
142,3bcee815869509436791187cf5e628ea,253002f5a678baa77dbc8e86f7560870,2016-02-13,1,1
143,0b36a4116e72cede3f5828c3d633501c,24b50d0d1b5193844905565ae4b5ae39,2016-09-27,9,0
144,bce6c6dfb37575af7c66d454a0cfd198,f9298096fe96164bb2139aaaf795d753,2015-11-14,5,1
145,6aa09488cb18ff5fbc65b77f9391bfe3,11906e76627efabd5b44f544e68b81d6,2014-05-06,7,1
146,70e69dd89d636d7aa76bef504a58c06c,269480a9f0e9e1c77f7ff5dcff1558ee,2018-12-03,2,1
147,9dd5524e25d1d908dffd635a3322ef61,f5a5a344c2b18e7bc596017efd2e39cd,2018-08-20,10,1
148,525274235a263c64f78ce9786686632c,a2bdb160f51a51733ee4ee2b0ec04f63,2019-04-21,1,1
149,2fc53df3e92af2e2727f7de49ef36aea,5b0580cddaeac8c2091fd1bb8137fe14,2013-02-06,1,0
150,92734a39c0daeff2ab82193df6d64208,65eed52e8a142b4d0cd998d42708b949,2010-07-23,10,1
151,2a25b94bc1bf2d65e87d78eb0a21357e,16a9690f3f862d5f4509f9ab788cbdaf,2013-09-23,3,1
152,dfe7f1a6584e13b5f74cb9e900e7955a,140b17fb9bdc0018b6186b7b28dae862,2018-01-23,9,1
153,c32e8547ed152a74a272093c0dd2935d,a58404a1ec9305f68bf1dce446b0c453,2012-04-28,7,1
154,cfbfc0756e1ff6b1339ea05e40d1ae1e,26bcbcf567ab6d01a791a4fe8aa02093,2011-02-12,3,0
155,fd144cc781d198dfd24bb9034e8efd25,efcf9e510f42ed4221378fc0f28ba04c,2013-03-20,7,1
156,e3523c135877c8fe8a97b1896b4bd4f8,692186dbb1880730e15b96ce7094c6d8,2012-06-13,7,1
157,445f3f5ab64f813d6cf7bf17afdc904a,4b3eac546222890cb6dbb28c94083517,2012-10-30,6,1
158,9e6252a2ae4fd0ce8a5438250e8bdeff,34a3e6b56ae50af7274c6a0981ab4e2b,2016-05-05,8,1
159,b01ee6687f2f209d9b895d599908f3ce,6aafe8844563f4d1c952cca7088e822f,2011-03-28,1,1
160,d283c33f886d96b038e011e6e182b2fd,055bf0a75988b92246ebe23538e8b941,2019-05-06,3,1
161,85d6bcf37987050bcad0ad2f833e2de7,ed9f05b646b5c234dee3df4f3e20a831,2019-01-10,1,1
162,63298421f15b5b2344a87d77d5a70845,cdc4f48353e343b60a9a4311a3a52a0f,2020-02-29,7,1
163,335db013f13c491f1e9afbd346a271ea,fc8d9f7f5c689dbd54298b224b6381c4,2020-08-27,3,1
164,9d9feea53f21d8ab39b2e6d0c0fd9fce,0cf49c74dadbbf3acfddef0f87124751,2020-12-21,5,1
165,7263fc176a7ae58608f1d29f46cfac8e,1df5c37b2bfc2c67eebaeb9814cfdee5,2020-11-12,7,0
166,eed34d29dd87fb015b081832dd115e54,6ffae293b9141e490c5e90cca18482a3,2015-07-01,9,1
167,84e4b63788f8537901593366db14498d,5460fda2db1ae0feb22d4f2c28594d89,2012-03-13,2,1
168,5ad8b7d5a8772dbd1ea6fdaa58daee05,4a60a2faa7484e7fca68798f18d0d1b8,2020-10-30,1,1
169,b5b9f3b900412a528947159864469567,d356c404df49eb85e17cee34c1b72885,2010-09-17,10,1
170,b9d6c18c748132f19952c4d1a67568ab,c6c1d657aecda41e26ae1e9ce7c9e3c2,2017-02-06,9,1
171,90e5f1f84375183ad63d18e1f0a5de04,b20f132e993ba68d1c1cf0d923caf44a,2010-04-01,5,1
172,aaec0d7c7fe0e6a9a62aeb1c6085b3bc,05b0a3f32d423c81735bc408b8408a03,2020-03-03,9,1
173,696d1bb9bb1b2a110636d393e8536f7e,34597fed00943866d57669f460a74796,2017-11-28,2,1
174,40008d166898a037360b260a99c566ec,11bf9a6c12101c371fdbac05790104ff,2016-05-24,8,1
175,c465344d1bd1fccfefe7dbb9e7302c41,bcf48005a26e9645ef7cf4a02b3ca726,2017-09-08,10,1
176,6534bf246cb099da7753e08fe1cbb5f8,a55440abfcea2ac55e364efcbd0e2b20,2010-03-23,5,1
177,815ea853a7cbb5512e985ff5eee3ead5,726f28a8cdea919add10e71a581e082e,2019-04-08,4,1
178,525ef1e849a026a640dd9310433f461b,592c4d184a38efe0f2f3626ef6865e8d,2019-07-05,7,1
179,787b31f69b6164767e869aca45d4ae87,f9cb418d76d9d330562a9d45d4e44867,2011-09-20,1,1
180,33901431b6053d64e660212bbf9fb6c4,2609d6d63bc85652f4345eb1b2137516,2017-01-24,4,0
181,1da05441fbe2972ba0ae26a637d3359e,5c818edc87259e77c5c34570fdbdae90,2020-11-20,3,1
182,a5d1057ca2fcbc0bdba4b38fdc0faaf0,fab8edaf6ba4d359dec51a70bb23886f,2013-04-04,6,1
183,66bbea467032e804f7c3993866c0d12f,914133fe2030c438e70f8390e18ea12e,2012-12-13,8,1
184,38594b5541cd9556025890fc455152b5,316fc8f3cf03ea6e6cb6edf0f98cddb1,2013-10-06,2,1
185,981f9659629bc0e45a2643fbb22f0890,d43423cba39d6609a4604e26c2cb358e,2010-12-14,6,1
186,883da361f372d211a61af7dae26e3c6d,f301659b5be299aa63bdd00254357179,2018-06-08,8,1
187,0543de0667ae7aef4d60e2a65a6e5153,ac30b2a847ed018442430f09328b2dab,2016-10-02,9,1
188,034bcbd62121aa2c2a5119638caf34a7,36a1b38376473b5f13b8a6a3673b40d9,2016-01-05,8,1
189,7abf9fb236a836c9fd3cc790aa885660,60473c6fc1b0c06c4b06487f3c5f674a,2014-05-06,7,1
190,9fddd52b56da16a5af127feda17c2ad3,2fb0136465a70c90f967205a2a4bf4a4,2017-05-27,4,1
191,be0b0b553cc873f213cfb9be7695cd15,2656cc4140b630992af5e942a1467e0c,2019-11-11,2,1
192,f53606cc8105ef56e2a81a6742fd7a61,11c4b3be38824fa89e02d4271a7ca9d8,2010-06-03,1,1
193,524e8d684bee8bf720df0431cfd19041,e295d96fda08207facba1aa928cc863e,2018-10-12,10,1
194,a38e07552c55d19e6d06b6048505d34e,68f71db08e5ce92171f0727f54f10a65,2016-05-18,3,1
195,c0c12476327626c0b72443e7acd9e3c9,41274303f9becf59615494d546883644,2020-02-21,3,0
196,abf0644d943e209537b741bb3ee0c729,0b80f5ba269369acfaf79b01be1708e4,2019-06-08,3,1
197,44773aaf1384fb3bd761b4def3892902,435056567adb51f20822ca49eb0a2b84,2010-11-14,8,1
198,df4bf3a06991f8d40585f7841cec77d8,abc9774f4c3c1cc99770ec30d45fe544,2012-07-26,5,1
199,0a14e185cca489bbd67ef3287fc1afbe,185cad3755efa3215b8704cd4b77c51b,2012-03-30,1,1
200,a7b102fb154c07af45337c0263406ede,4071f211346f356e4ed5354edfef516e,2012-11-09,9,1
201,69edef6b7222fed37ed4895b3149696d,ab90dd4dfd4153144c6c063189eb3a49,2015-08-05,8,1
202,3f889984786a97ab7cc1a9627a55774b,1e703372f7432bded876fa45c0b5f4c4,2011-09-02,3,1
203,1a2b273b9be78fb65425b81a6b9155ed,10af935bf070fb93341163f392f35dcb,2013-08-21,7,1
204,98fd3a73ebe60a5012e3561ebe84964a,27378457ad6d42e09b18a87528bb89b5,2019-03-24,4,1
205,94f468ebd858e502012febbe3670abb7,6d1187db5b573a32383e22520cabbf82,2015-09-18,2,1
206,0a2a183cfdb0270eeb49e7cdfa434f98,59175e1d6aae0459c3f686db20b53d3d,2013-11-24,1,1
207,8e4bba8b4dd9b4dd9c9081ad4b7dcffa,9bf88555efaf78f03b8c4f1c76937e92,2016-04-16,2,1
208,eb85ea375ecf816da9dc91ebf8d53fef,a41ff35ffe03dfeb13c52987e1ecb079,2012-03-17,10,0
209,88e4aac0a9fe242f647cb4ba7469dcb0,4f8983492feff91a109a30ca8ce3d0b4,2017-05-10,6,1
210,3e16215fe0bd8bedb2003bba166a26d6,7a2f36c465be5536a1d2b6d5bce56261,2011-05-25,2,1
211,c24892395a14d693776102178ef321ee,8c3b5d28b5bf954cedc1b9551a969dc6,2018-06-20,2,0
212,7b9d4ec128a52dc2de497e16a422faff,83a92d7389068cc67ea350096b52d1ca,2012-04-30,6,0
213,1d8f4a23e39e7add035c561831cd5845,a4d03acf2409ab00ddb81fafe4ef1cd8,2017-03-10,10,1
214,908a78c5edd5c5c7edf1babff42e8d98,01fca7fc3e4fb01fe6b89b912b2f365c,2012-02-23,8,1
215,53dcf8d0febb8e2d92f707df59130463,f3d1570b2c96fdb5a387296a217e8640,2011-12-16,7,1
216,27084296cf9e395e596aeead657ecc41,d103b6f2785d549ef0adbe7f77d91a80,2018-07-06,5,1
217,fcbd929ca7c23e972a77ea18f019432f,8f6574e5bcda87994dd2ff25462a72ac,2016-06-22,9,1
218,7acade28d770ec924086c075e2e6a857,9b8cf4312c32cf1017a21c52311d193b,2019-01-27,1,1
219,ccb7f30a27de61b0d2118f0b35a73af7,95394d44c112d6403168facb56969fd2,2013-02-11,5,1
220,9aa9595e8a6180622addffef79984451,3466caf37410882ec203a340f2f2b49e,2014-08-01,10,1
221,d7ccd0d04d2f0f6155e87358ce9eb58a,14662e508c5ccfaa53bb7def88cff7c7,2012-06-16,4,0
222,db457ced6423b50c552048f061caf195,e122091f626e25c80c4d294f802e3f71,2015-02-03,7,1
223,28cc0d713cb8d77fd5e9cead68104e70,d3a3f8d9ff43f5de30f756ed264a483e,2011-02-20,2,1
224,1b43e8ff172079db310d44957717adb5,3b28e647c999fd93e2b65508b3eb2ccf,2013-06-23,1,1
225,074086403e479f1036bd2f567f1c6d12,959d62aff8d8179e725b328780e9f28b,2013-03-29,6,0
226,489390417e7d6cded00c2b6f5dd36d65,e8b212f35fdc43551800addd7ff19dda,2015-05-19,8,1
227,280c0dd9e7078127cbe52fc62991d203,8ccb3fd2e619af039fd91b356ca63686,2016-05-01,6,1
228,4b6ef7b7a9b80f12eb906af577b19cb8,ebd63b565b275fe5d009ec39d1349012,2011-05-07,7,0
229,60ec44830bffcfefc71e4dd304bcecd9,26f1d45a9091fd3535f746138b2ec2ca,2012-08-30,10,1
230,e00974e45995b2d5d53fcfa758693fca,735563a15db0351a2888341b3004937c,2015-07-03,4,1
231,f68ae31a7fb810a2a24769dc420a289c,b10494412eb175f1e6a4f0d37523867a,2013-04-05,8,1
232,1e4c81d8e6e69e2faf448fcc71697dd8,72bb22216efc11c2aa90b0cf04d6fe68,2014-11-22,8,1
233,6c86be80280f260f27b430af33e1bb24,65692fcb692c03766b16b53115319652,2019-10-27,9,1
234,d5e0940e5835ad18facf8e941ede0b9b,f5c37eee994b7089dea0f7b01f098512,2016-12-01,6,1
235,706e4f80cf0c432bffff917cc3dd241f,7952e3c8131423f5686a42127f6f0a85,2010-05-15,6,1
236,73e5789d6ab71b3f7dc7db8abd643cb4,90bafe961335757814c1d67f9c5b8fb6,2011-03-21,8,1
237,523ccb26791d39ad40bc1fdfe49ed02b,a937e1f1b7c107109d04355e0832d1be,2019-08-25,7,0
238,29e852327cad271707a4f0e21c30cfa8,6050b0289d793626796dfbbdecf31275,2012-07-07,3,1
239,1e752c0e061eea7222c2807eb983402c,db5dd47b8c49fa7545d8b77b8a9635e4,2016-12-17,9,1
240,3fd4137fb0c5274a901231ce7aa23dd0,dd3b89c621d03eb00e6827cb74027f17,2020-09-25,9,1
241,f8a4698eed14dd5649b481e83eb0445f,caced7d915e7062a9d1995c9e7a64709,2013-02-18,3,1
242,62482aba7c8ce87cf9f575247aa7d405,97cb36cd627b73bb02094e958f74f26e,2016-12-14,5,1
243,8d1587246da1218e3fe23e492b4ed9c2,805c43c345f9d4d4502ac39e77393978,2018-06-10,7,1
244,18ddd87ffd3ce2af47bb6d5b73fe8be4,935526bb49d7b68cb3f800ee56749157,2019-09-18,10,1
245,fd10df84b0f1cc13ce0e9e2ef0c51685,2ae57e3c9a0a6968c43ce8d7d5da5292,2018-06-12,10,1
246,e0d66a57ee2712a885f694382370d09f,91db39c15d0ac6f9d5fbbd21d62fc264,2011-04-05,5,1
247,b8279cbdf0e04c23e1ce4d94cff752a9,4871ae178e2a21142a57449dfb892212,2017-07-19,5,1
248,3560c489b9245e43f74c031ad8bbba48,c2745c2dfc41600e24f27acef7f747ad,2014-03-30,7,1
249,eb3fbd6918c7603086c4850905d1f483,d92bc670359a7e01570f66cf2bcd62a9,2018-05-19,4,1
250,07d81eabd6263f0c3d549e3f45f3c703,d970a191a3d1bb2e9bf3859466a50d02,2018-11-20,1,1
251,70886abad5942a5ebf3f286b7ab5b834,168c0d31006bb603c8030620ecce8d84,2017-07-10,1,0
252,11ae70ca147d4de0612f2a01ab68ad0c,9f197ff79823b98d4ee0a20f528d21ce,2010-11-11,3,1
253,6e106d842921f6488d29c34e6fbabf9d,465322d8523c47fde9d98b9c8b275300,2010-01-10,3,1
254,b650ef21480d6b76a0aacb25951c240d,8333f2a2450e869dec9f13cc394dfcd1,2011-05-25,8,1
255,a25c49ee3863e5f9682f833f4bcbc5e0,91262b01c8eecef25dcd0d18d0c893ce,2017-07-02,6,1
256,89208a876c9c143264364c2529892d6c,05c63dbfb8632a7324809f36049395fd,2020-01-28,8,1
257,fba04a6f586c53f48c521cbf15445505,5d370a54c62ab27365e81165c9169b65,2014-02-25,2,1
258,d09a6e89ab0e6113b88093298e26893e,802fa3c29814d5b5a173024c11762caa,2010-12-17,9,1
259,0a2d6c4fadfda875065f353446e1d923,631b3b7dafbf94c9f429831d630d97ee,2014-03-23,10,1
260,e124c5fce233a8b77f7aad152b9f0866,e8203abfb3a6331cf14abe9313d0c43e,2010-08-16,9,0
261,2842a22d108fa44465536d4b11521507,d55ed2f367e36a89ac946a3c840de99b,2011-05-31,4,1
262,3f4e41db7041a9403bfb74f771839920,3081ace5253328fbebde3ceb7d02a9a5,2011-03-27,7,0
263,7f31f5c72df11cb60ff9bf883ab1a0a9,9ccbeedd90cae1a09ff5f4e0af0d3d2b,2014-06-11,2,1
264,f3c296d2737327267b2a763ebd1b6297,ebba82abf0727a18e5c3234d4cad98dc,2019-04-21,2,1
265,f38aea729059d2ff0a3181cb9e3dbeb3,982ebbc17a0b62b896f93efe2f7559ef,2013-03-18,6,0
266,31da5229a9020b61f1b29456093bed38,d735bde14e7b3b8f9d558e4a2f922667,2014-09-24,5,1
267,b5216d61fbf12bdab19037c7c2ca6136,6d88b52b402623bde4cc49cae5632b53,2012-09-25,7,1
268,6630df8ad4dc27bd791f48faacd530d4,c8654d3c1a12b34b4d2972c418a2bf17,2019-11-26,3,0
269,db4541d9ecd6c1fb451a2e86027ade74,1b9d9582c7d5c99aaf3a9ccb4b502ef8,2020-12-18,2,1
270,c9781b7a94055ed2be6194f2bccf46bc,43dea4a889fd32ef6dcebd7f55e0f931,2010-01-27,5,0
271,ade4f86d2f506c0fc4aa927b54533624,641c471480153b8e67f379fa040d4e25,2020-05-12,7,1
272,cd37cf9c470646f4cbb8088fba584239,8ad529e4d117aaa9b2dd1169c866a47d,2015-07-07,9,1
273,51eb304a9aa5f15890412450dafa77a4,13c4a065c79c3a1c35ed74a1abbe05da,2018-02-15,2,1
274,8ee39a928cd869490ea460dff895f836,c0ffad4a42fa60802a42d0d30214ba3d,2011-11-17,5,1
275,457ddd2aac63f0b28c99064fa41094b4,2df4e4bd78a5800331cedae7149a2cf5,2011-06-01,2,1
276,840fbf62a960f941f3c9e592de6c6868,344a8da9b35e15cc24578c8ef00c41de,2018-07-12,1,1
277,c67f6f3dad967f74c7a4e900ec2050fb,2e3b3d3f7cf6b75b7a7a880a8f516ead,2017-10-04,1,1
278,340dda55807e1fca7994bf0bbdf15b5f,c86731bc39081eb98ac3d3dff6fd0270,2018-07-07,9,1
279,5b623c48c299d9aa6ffa3aa54975d458,78f5e4648ddfeceb684b2f939743d68c,2011-01-08,3,1
280,057de66d98620cb960a2796971ff0354,41214deb8016e81883b1ab725f0f79c0,2015-06-08,4,1
281,5c713b6f5345e61291c39e05c882223a,fdaac29f6eac9cf98837d2abd02ad7b8,2012-01-29,6,1
282,62fabbc808aa33846438ecb5d074e4ae,e50ab781d0d075fbdb8776ee7ccd3070,2012-03-19,1,1
283,b743c8216b51f61d76f7e88086cf9044,9a5eeb9bbf84a09a7ebf4cf8a7effc42,2013-10-20,5,1
284,07c57147caedba3e215393d87f2b4579,cf03d9632bf78f84f5088f244c76e092,2010-10-31,4,1
285,d35e88e59e36d9fd8b921094391b10d3,5e6acac8fcca35cd90a314120781a707,2012-09-23,4,0
286,7f0c0df3edf9a27c4ac13d06b1eec8ea,94e9cc70b56fb47e70123d757001702a,2018-03-20,6,0
287,54fd8d6fe6c4375a6f27a05c8d39b95a,9701c8a131b7154192cc2eb7ae0c60f6,2019-04-29,10,1
288,1c490752a106de906b8d0fb4f9a8d853,6497967e2d48b33c8acbb66810dacb45,2012-07-28,8,1
289,0f453b6755f77395ef344b1ad3500a22,95b780fa8d491357766197a99d40b823,2020-07-28,7,0
290,1bdcb01b5499e4e13d853fcc35d887f6,d8a65f3b2cd9439da342ac05688aaf15,2018-12-24,10,1
291,7b8787a5dc7b2d01ac78c18ded29a416,3c84bee6f7dc70b326e704e6e3fc73d3,2020-12-31,3,1
292,d65d5bb207806ec0bcd3b4865d99e19a,8a19bdb2c7cb5a05612f494853b03d74,2010-10-21,5,1
293,2608b5d279cc296f8b3b805625d3b43d,6fcbf69479fda6640be3f5abcbbb4412,2015-03-17,10,1
294,80494c91aae0d7d629a80b9b39d072b5,9f60ce8662f58473d54e6b356d1e1ee4,2019-08-25,4,1
295,d5e53f00e5a803f19f8948b0b1492b87,65f77ab1a968215c6b1bdc9847499aa0,2012-06-04,1,1
296,ff4b93f1b9bb7df6e560115bdee05f77,e2f2927aa155b3d631908f22846dd65e,2014-02-14,4,1
297,6d30240fcc4c9324666df5be98164e7e,155184ce9848e7b145434a21ddbf0072,2015-09-03,1,0
298,ed837c3df1d9fa1a7e79da09fc2004eb,f314122bccb13825860c5d13e424cc5b,2020-07-29,7,1
299,f15fa0af754f30ae1cef13b6e3bacc1a,fe3b1413ec1a3a5ca679dcfdd5a7e614,2020-04-19,6,1
300,222fe639bc5075404fe54725efa0546e,654704dd28f64cc6db9add550110d4ab,2019-07-16,9,1
301,2b55c4eb98e3029700d2ae5c9ca68172,41d3a472ddd4e208bb8c396032fe82f4,2019-08-24,5,1
302,c7105dc6e98c2237df722624d862b598,a4e20272c09bbd9f05f590367377c011,2018-08-30,9,0
303,f6965312f6bee8ba9e44636a5cc91e92,6b394b020b7605266e59a2cf371c5899,2010-10-26,10,0
304,36451a7873f040d2a6279d62f1c54c21,0336bf0171ba3bcf1ac7bedde30e3083,2020-12-03,8,1
305,610311e77af62ae13b4a75a58ea7825e,5f83d4aeca452e1d2b9d1cbd614a47fa,2013-02-23,5,1
306,8e59b6c99d5b0bed66b08da8831aed27,aa6433600fc4d25139e6035f7f4e8b89,2012-07-16,9,1
307,bcb5a7eac12c55d9a252a33601eee12d,2d8ff47111cfc5aefd5f20a59308bf01,2010-10-14,2,1
308,79b9df91d4d656d8171c99753c02f242,2c234406b367f47a3f76f1856b5d8d83,2020-08-27,8,1
309,d88038bc86cd1a88573f9156f18b3239,6b8e7e592ef8dc3e9e374351967ffe0e,2015-05-11,9,1
310,7e97565ab0b4cfb125398fa402470ebc,366836710554a39bde322defccd1aed6,2020-01-08,5,1
311,94bb8ad2d95863701260fdb091b710b4,3ed4191c2d16dfbe2a9f725bdb14db4f,2015-04-19,4,1
312,a11ecd696501796301a2cdd334418402,f247bceab571df405abf59671a4a354d,2020-12-27,2,1
313,8bcca3c2e9cb8317b47993652c71a0bc,ed21cdb9a35efa6fb5092472b23bb609,2015-09-02,4,1
314,11b6a14859b8c057f7c301f89d8653e3,30dece0b014b2304cd6b9892a5f62f29,2012-01-04,2,1
315,b238a1061044b5dcbc10b4bbcaf285be,15554ec1fae4d18f20b5b061dedc3307,2016-02-27,7,1
316,e3bc4e5e9ec579637227dc560cfdd258,05e1d4b78ee812fc3f0d93759cd35350,2019-09-29,5,1
317,9e6f9a47be04bd17b2da3d895d4f0ebe,81b42fe797698f4d71102fbe612b0cd5,2010-10-04,1,1
318,54817208e0af51a996260c3186e40d1e,8b15fb5dea0c60a94d65104ad56bf786,2018-12-18,2,1
319,4cfb9c601f67c3bf05d830aaeb075933,47fbd526a3c51893889f58106a42015a,2016-08-01,10,1
320,67198c234babf64354e2c82804d8a346,3278e1759e5b7121232038d75c77cdee,2011-12-26,9,1
321,cf8657a95a630218cbca3e9296900cef,3152cea79ee095027bf353e81ddd1fa9,2020-04-20,5,1
322,81992e30adab0ede299c84a138731348,a87368608c9710287df4eb5e92646bf2,2019-05-23,6,1
323,b74d5d308dd7a392091b6106feb0271e,507d3f4fa400127c93aaedab85620e1e,2018-05-23,8,0
324,bd40bf1643c8209859229aa44b792941,e619a301ebd9a952a8c9cff97382bc5b,2012-01-10,3,1
325,5008da932251fe72de76abbd34a34105,43adabea779ec467da65ec567a1a7e8a,2011-02-09,9,1
326,15b860ae4d0d68aa2f3439b22b7a89ea,dc71695d0c3e4ad9c9963ef835629940,2020-07-21,3,0
327,e5793f3d5b107993441dd3d1b07977d2,47e2e7b2bb6b01491e2f96ed54529ae2,2012-12-22,2,1
328,80180f2e1d7d9ff01817da2eaf176a89,8b18dfe0c9a5d48ab31adc96edf20b9a,2013-05-08,2,1
329,b86d8a27cebabb35b947ebcbff345de4,c4f34bb409e397a98bf9915a7ef10994,2010-10-20,1,1
330,52349af96a4e6770526168505264d7bc,3bf6be8c8d2cf1e9f0c88e36e481196a,2020-09-13,10,1
331,e022128857189eab5717a7ea7363142a,9ba59874d85810badde081b944e30eb1,2017-01-11,6,1
332,c4e33cbee4e4754d0dd1e4012d5e4976,7e15f3fa508739edf32c68d2de4e4bf9,2015-08-21,1,0
333,b7aed3cad84e7725022a51a08e1ac492,bea3a1dc8767c50365b1b4dd018c7ed3,2010-05-13,1,1
334,76770043120a197f8f9f1751e4a57d9c,c3e6fd222637a5508118df074ff423c6,2010-04-09,9,1
335,0d6d6b0cc363db00ba6b2290ac849b92,50edeb9300f984bd872368a550b86023,2017-11-13,4,1
336,30442cc82e0bd59bbe804a4a7a5a6d4a,4c650fb65112cf57f0054898f2fcc9dc,2012-09-01,8,1
337,43246037016461a4b3f26e605791e836,c050be2044093cc175d40672079c3737,2020-07-03,10,0
338,5d4c26ebf927c0d5517b21986fd23b9f,8ee734377046469e8ba0c3ce12cbaae6,2019-12-06,5,1
339,bb7462f8dc317e30953c044323a041ae,215bf700aafc2907c52f64ac11fc23b2,2010-03-24,9,0
340,5a7f63b1e7cc20451b499c6e3c0e136d,1edc843199cb34454a00c2104f1f0c65,2013-03-29,2,1
341,2625d168be3ac958efb00ff5d74afe33,addb485bc47cf82268efbbb37db807d6,2015-03-09,9,1
342,cd2d761859bde556442fff39f1281787,38aee173ead51a8f89b12bcf18ca715a,2012-08-18,1,0
343,f911deccaf5783797d438a3d55ea2a46,f273a6e6314c5b1939b65a661589e183,2017-04-06,7,1
344,74543cc1d1e42365610cbc87c2acb734,6705755944d492674577ca3389aa51e0,2011-11-10,10,0
345,4f3bcea2464d22a899399c94a6f30254,17b6f37d0e8d5d13ad0d18a2e92ed8fb,2017-07-11,1,0
346,be6eda504dc43a0458e3698b77b21da9,37e54404c7fa0b0bf027a4d59ad4a62f,2020-01-09,10,1
347,940a604f72966f15b5ecdc82de5f9d9b,f0bdc4d05001e39cacff37c4812d6a0e,2013-08-19,6,1
348,5cd495edaa53a2c13d06ca5ab4f07a0d,39d5ab2c7ab74626014e8459578d99a7,2010-03-25,7,1
349,8bc8020bdf7114e88ecacea112183cf4,4add722e776c584296e8aa10f0663445,2020-12-25,1,1
350,ae033898f71cfd03ef9cd6fe898e872a,ef0187c15d9a97d87f1e70c4f1190edc,2014-05-07,2,1
351,5b73eb7eeec2bf8c76a6eda38348ca38,305280e4b68a839fa0aa3206850a67ab,2016-07-23,4,1
352,7f17c0372eadba135064ccda448fb499,9ca6589cb894668080723d39d9892350,2012-01-11,1,0
353,53173a90198d4745e78f39d503a49278,ad0960e14fada3ba034cebe7095c1d27,2012-07-13,8,1
354,0ae2300df6857c6507a31e67b8eb615c,e625783336647005516dc73cdafca909,2010-08-03,8,1
355,27421df5ca9befb79263b7830c3b656d,d9234c5bb61336d71d7f7d56b3297771,2015-04-01,5,0
356,fe2ffe0b50461513194ad0d0ae60e27e,8acf05b82030467d99cd47e03f484663,2019-05-27,5,1
357,1b56088046df66487617e93e148eccfe,7691ce210ff80a6d65a713c6a030bdee,2015-09-29,2,1
358,8adb1479dadc9b8ef7d241a6d016fe0b,50e9ec6bbe1e41c1850298d0727c38eb,2016-06-26,4,1
359,8449945cc040fc4b8b8bd0706d06c998,17f9039d35982e6701588611cb070217,2010-01-31,9,1
360,5fd759edac788dc283574467f24e9e4b,6ceefb443e196bf8994022bca7c5e1e9,2014-09-22,5,1
361,c107bc274ea6396fab911b297170f1c2,1d4d6d114df448fc91a6b1c9af2eab0c,2011-05-01,6,1
362,62b4fb22b7335cd053112cf7cc63588d,2ce27f295a9b0c57ec85336fc760cf21,2012-08-10,8,1
363,72e5f60c0433a86545a02a3038fcccee,197801c7e33380921b50f671ff5f05d4,2018-12-01,1,1
364,6b1b6b24dbf2b766cb342c5bea7bd9e3,8dd95933055925265515542473ab5241,2015-12-05,3,0
365,474a6d0361ce75496268c5b721e48acc,eb23f79a4bbea9b26743e1f8cda9b231,2012-07-07,4,0
366,a3f24d406c55ddfd0a1baf5cfeab2067,9fae74d8bd02dfd8402d7ef4ad8a6a11,2013-03-06,2,1
367,31a12e1fc42a1477eb3d29a85faf62cf,a67b0ce7b9696cc45d58ed98b1da615d,2016-03-19,2,0
368,bb35270afccc29904ae9cccb63ba80e4,a68fc56f8d39d8368c57e77553bb6e18,2012-10-09,5,1
369,14f1f4904a36b2fa9328dc85f3b00a03,a5c913244843ead52dc6d7b01c84aa62,2017-08-27,5,1
370,3069986993efe0567e3fe99a774fe9e1,f3bc68350e23513114fae57f94a586fe,2013-02-11,5,1
371,f4fa3e97557abb856ac07321b6552727,7fbe0155947090214d87a775ec9a862f,2014-02-24,2,1
372,dee922bdcb6bbb8998040816645809f5,6a7b695642ab2b4b013ac4e0f2f300cb,2018-06-18,10,1
373,b53164cb67d813e64cf1ef13f0de9a02,5137f7359d22f232e4f763c57c49deee,2019-01-28,8,0
374,c2e3ce86cbb0ad5b69942d180acfdd96,c7d2bf4b96063055fe7660a2ff640cdd,2013-05-20,2,1
375,1b7feb9d33c2ca3705516feca18a6ccc,6adfc3955c04a04b92e49e25ca2b4f5a,2015-08-01,6,0
376,c0a0d209661c04b91c714c5db1c51007,60d6fa8e19f4a0930a061a043c9f1bf2,2013-06-04,10,1
377,718fb5f2a3eb03da57d656a5e96a2a6c,91befaf102957f580242172fba03a48d,2018-12-15,9,1
378,87dfe7164f3dd9d5ea0de2235519097c,968582a938fe92099ba0fd8b5016b9ec,2014-06-26,6,1
379,98fa600bf579a68b788a931dc5bc67af,18bfcf287c0b3ae65fc52db80185c25b,2012-04-28,1,1
380,c37330d403106f43a5370d9ad9c7cb96,ec4d6ce6c29f7c91e936aacb41246a45,2016-01-11,4,1
381,a3c5d9c1562e7262b785df843fb77afa,be202e51973f87b419e5a87045648bb6,2012-03-23,8,1
382,650d80a48fe87b99e3257d72cd129f11,a5847e2d20db200d71f45d444623b558,2015-03-28,1,1
383,6843d67bfbabbe2118cc590061c0171b,17ccfdacfc31a15709fe14dcb0dabe30,2012-05-02,9,1
384,99ec468ff52774890de9e6cb0baa4737,4d1b04a783c8c7b23c0de80759aa89f4,2011-10-20,2,1
385,686ec4e45ed21a5edd049d8da894003c,c689792e5d81ebc5e9760860de6034a1,2018-06-20,5,0
386,a4c77343b3a480d9092f9012d1d37544,91d479d6bb9f0c3eecdaeae7359af313,2019-01-18,10,1
387,3ced5c32cd9ca7a4f819ba3723f96b3e,1f44e9cbccc45bb644b768be023e69ab,2015-02-25,3,1
388,c0b3a404a677befa9a909852498d7bd0,f26f617c2d4b17d7b1061112be64ddee,2012-10-13,5,1
389,797a6083f39cef2ee0a0c10add2a78c4,284be7ce9af49e8816824b1fdc2cd295,2010-10-13,1,1
390,2d3b759b6839649fd08aa86052b4672d,9da63aca9fb2560997da5100b4ea06a6,2011-11-21,9,1
391,8a41c6ae7758305d4ed42cde58a64488,06d14fb8274d63c3082238c76e676f7b,2020-09-19,5,1
392,8c1435c67a1dd0cc6295505bf764a212,e23b36836262e4785f85007fa2f23892,2016-09-08,7,1
393,02136246c36eee77c6f82bbaab00d512,46f321f9e46eac61f1c694ccbcf98e45,2011-02-17,7,1
394,166dfdc01359e7e0f848d47367d9397e,f0fccf234d92b91b78be28b27ddc66aa,2014-12-09,6,1
395,affee084c2b597dbd2fb729446d39c7f,4e073f6dd5abdea72ccd97f8f5975242,2016-06-28,9,0
396,bab7d88dcdafca3e2e83d9ac9ff70f35,79a549a6479a64818db7f967162972bc,2018-10-28,6,0
397,fb1dcd0c6f755f419c499ec68e9a97d7,b20cabb081744677737a47fad3b88c49,2018-07-06,5,1
398,45f562f15bf58245e7e7a9169af8e1ad,8bf34d6d65d2a152450fa506c849ba7f,2015-11-02,1,1
399,a2edeb0c6242e846c28d8d715b518f0f,8b8c4c21a2a088e9a1402304c873d0b5,2015-11-02,2,1
400,b29e47115d1aab56ffb642701e06ce02,86e9856f9e3a442c4a34560f15818c0e,2014-07-07,10,1
401,a5105d0df14c422096d0cf54aa8a0c7d,916d2b379f7d8ba22c6a2a3090612958,2016-07-15,4,0
402,114673b8ba9764770fd2248e71c193f8,4d4cd57e72ab00425a091a227a531f1c,2020-07-14,6,1
403,56eafc25d7417b9824e32b98951568db,9670cb32ae10399ce64349f858a8e329,2017-06-18,2,1
404,893fae346af4e6fa47240051498c44eb,6b02253945151fb7c3ec6fe3ab623324,2013-06-24,8,1
405,9c7272d72e3edd4cc87fe55a7a305ea1,ff832c10b1435837ab3001ab61322594,2019-12-13,7,0
406,6073aa274f30a8e60941b74f3fdd5da2,3dc1f94c8f7115439ee6ab5a31885130,2015-03-25,3,1
407,f8c60db785c1a5d22f13bd4727558f9d,f7c006a73c8a4ac1d4b55934473d0571,2012-05-05,6,1
408,809cbf1b2ced9d77385246d798b18d28,675462453c401f172c8513233f03af1a,2010-08-12,9,0
409,9ae4d6144ee995a11a9b0312eb48ce84,c44fb90909c180cf3d5c46b0b6ad710f,2011-12-09,5,1
410,885d9750322255522288fc0ca1b513cf,764d3cfcf20cc0adaf74d65a9721079a,2016-03-25,2,1
411,678396e9ad8eb7bc13591a71b5ac1ca2,37f31d26789c89df41f2583a772fdba6,2020-04-19,10,0
412,32c45e34b86351025358eb70c4e0fc1a,2400d3c99bdf9a24a1328811fa7d27ac,2010-01-02,10,1
413,3f849850f2a506e52a272d1eecd9826c,35ac84c9fe095e35a78bbcd859173515,2013-03-26,8,1
414,e193031332935178e5856e8b9792c05d,76823e42d1915074cb0a7d7eb6980d3d,2015-12-19,2,1
415,28639d8a5d56ca3e164ca1eabd3ffec1,98abd07a177cbb9767f802b91bf38dcc,2017-04-12,5,1
416,65f5067a45949c5ac97e4422a9b70641,b68bc9ff968d8d523480f568103b4852,2018-02-20,3,1
417,cee2362c14e6f7daa132c6eb855932b8,3b42b4a1a8e659d7311005eb1058a6e4,2016-11-30,2,1
418,61c8d9f5d911c12898d5d663d8f40653,7074719b6fb413910e5413a28bdd2f53,2015-11-30,5,1
419,006763fb68c860af33a3c1550ee96627,56f8798490786a388c06ea6ee4a4d6c3,2010-04-20,8,1
420,5698d735cda0ce71d9972ffe6a65934d,fc15c60c9f59df16b0de0fd6b383fd0b,2019-07-08,10,1
421,f4833ac4cdab89e71ee0178de5de3d96,cc05a816d71db113238d52f25bfb57c2,2018-07-02,1,1
422,cde02901edbe6dc6aa6fbac5600d98c6,c127faaaccb010db3ec782a39a2840a4,2015-09-22,8,1
423,9db1653e38f0d9508287af7425c29a73,ed92035fb8ee4a47239f64445247531a,2012-02-05,1,1
424,fd91a823f80de821df65ee7f8a96c22f,ff1eb92040f180a12cd25550c7927568,2012-10-11,7,1
425,7c2fedfeb67c37b21c7cb8e09847fc96,acf8746c8ef1a1bd5b17806ba3a522ab,2016-09-25,6,1
426,9d19eb48fb7f79e758ae10a8c6486836,6fb053dda7bf927101e90097898ca729,2019-12-15,7,1
427,7b38e5dc47d9abef10d4c66d7eb41e63,597d1ef7af038015bcf7cc5165bf2b19,2015-10-16,7,1
428,504bbc581f57a6fc3b9196210efe6a1b,8ba30ff75eca04b86bef59d114c11c91,2012-03-24,1,1
429,8b1845fa2b989ab4c851cd78f2db81d7,5197104ee29a2fe9a44ab0fbdcd6afed,2016-03-21,5,1
430,cbb2ecfa324843b278a53af35c1ab7f0,1be7c52e416394f868f93a46612bc7f7,2016-12-11,3,1
431,43bf74fc160caa9f0a8f24c68cefde2a,1897c6a14c62353c1af0630b44e50f1f,2018-09-18,10,1
432,2da4d80050dfaf4dda7263bdf29dda58,3a8bcb4e32bd6b093669aed772826fca,2011-10-18,3,1
433,ba1f6470f8909d3d41cf944528ed3b84,8bee532d368cd52dca1386e1a8275a6b,2012-04-14,9,1
434,47e7fb4580826b586dfee0dbef6ec570,72ad9206c362e4ed25772984b2985040,2015-09-16,1,1
435,6da5d082ad51a23c2b0c1572ff747dcc,5558d457e263d85d41ae88329c5f5abb,2011-04-09,9,1
436,e5c488dfcde1db6fa65752de846e723f,9b3bef34a1bb52255421e995f22a6a69,2019-09-29,9,0
437,3394243a38785ed8fb94fd423a986be0,47132e10e1e32178ccb1da4731ab1583,2016-04-22,2,1
438,638744efeaeb7d954f3e214685f6c84f,27f5860bfbc5e35ae76c544133ea1dfa,2012-12-31,8,0
439,5b38df5e4beeab38f2584715e3384830,dcc297061628e2443a20d7a0c20ab80e,2010-08-22,7,1
440,90639f319c6fdee5832d70ae1e2c56df,40a30219c44cda873b7d1b0d52812928,2013-08-29,3,1
441,aaee185003089f9b33b391e719a35695,b5f74934a9fa421b7c270be5d28305d6,2013-03-21,7,1
442,ae3fd67b554c033da387ed71890e813d,345f2ce27ad8cca39e97b3af77c4bb02,2010-07-15,10,1
443,87cd95d248edcda7415685b2ea116b42,00181a9e8fc90eeb555b60a7b354381e,2013-09-24,3,1
444,c54c0031908c8aeaa91bcc46ff7b0b71,e857f732aea030d3b9671feebcd57d6f,2017-03-13,3,1
445,775f119a8df54e003b10325dfeeb9363,330b3eeb7047368f8960b21e24c2421c,2019-11-27,7,1
446,78ad6f7a6864d926acbe67aeb9c6692d,c4cf736bf6e88164f4fd7f0d39e2a1b5,2014-06-25,2,1
447,5fbb09fe8aa6b8964ad68cb6d3847dbf,1780da512988cf51701f715856b634b9,2014-01-12,7,1
448,be4ad140df7750ce8fc0be323c6ccab0,578eca977d41de65dec447c92e7d51fe,2013-11-11,1,1
449,0cfed5919eaefa02bd70cfc9ed6e8605,0a2570f53f6b54d282f5dc31d546fcc8,2011-08-31,4,1
450,0132a472500bf8d96f4296330aaf42b6,05906cc63c57915984a18990d650cb0d,2015-04-20,10,1
451,0c1c98974adb12debc18c7652d74a7bb,f41bd79766675f541f165a8b058dc1dc,2020-07-10,6,1
452,deeb383173a9c13c8bf8bcd689e79fe4,b76e9f3b1e4009a3383e720c59d57f1a,2014-09-19,9,0
453,abd376056b7590d3a3dc536241198bfa,d4246415290a31585210dae6f991ad17,2010-12-19,4,1
454,2d81e032d158837a884ff889db62e1a4,90c5f7c8439dcece25343e16118dc727,2016-10-16,7,0
455,bddf3ec24c176125eb035a21c4c7d924,e6aba49cf628a451aaedf830ca6a6427,2017-04-23,8,1
456,d06485b0b080b670856a1ec0005052f2,1b50e5b0d04f6e2afef8275cacae5800,2012-12-09,5,1
457,f9b236f26a1468d9430fa9cd650c41ff,5dcd73591b63d6bbc9a10f97ec9e4e43,2013-12-30,3,1
458,6f78b47946099caa8c7f22860ea1de0a,d67a2dd918e099b51c4ca921eae64f69,2018-08-18,5,1
459,d0f6e0424d436151068c7223ed672974,27d905cd1a2b92bcb8a0a6d8135e809c,2015-12-05,6,1
460,59ee4d0aee1f2960e59437ecf44dbd44,30e219271dcf69f1f6f7ae1da1199e9c,2017-06-09,6,1
461,0141e80a287f64330b6f2f14be86c6f5,937f4552e9eb9d8a9a1f9252a747a72f,2014-03-19,1,1
462,b80ea3cd8ff3bc0d7f82de01f0d3007f,cf5bc4d0802151ca4cd932146bbdbe1c,2011-09-08,9,1
463,7edc935bf2d159c4ef9464f0616f2c95,3989ea93af60ce50daa809cb2f0ad9a3,2012-02-26,8,0
464,75ed52680dac3665d18655b504721c07,2f7af01acd1f57babf480d3d8fab8d6c,2014-01-08,9,1
465,f245dcd83a779354b9fc09de7cbd6ee7,64f24997c8dde10a35e9f6bafda6cba1,2014-11-20,2,0
466,074d0b70feba305e3ac4ddbfb434832a,ee92d0e03724ee3b0bb8b7c2491e4342,2015-03-25,7,0
467,1a129be9794848b3a817bddd5564d099,43cc1e7b4c5d1380e984286966c9e67e,2019-12-16,6,1
468,c051996ccc4e34c611427b750c421428,d58aba40b12032efbf6551260c6a0307,2018-06-17,4,1
469,069a8c12955053e71a358ccbcc2592d5,48df36a4bcdff055ae220d208f82315d,2019-07-28,5,1
470,080009158f9ad37c52714ef88e889486,3378d17390aeb0f6f1658d6378d9be6e,2010-07-31,4,0
471,bafc124fe9701ffa516a16c6e33aa9c5,d309632ac89260e8884bf672b57f7db4,2015-06-01,2,1
472,10e41e9fbb126ed37214d53a177eb8e1,8671299bb36dbffddabac7634e5f2c1a,2016-02-06,5,1
473,441999ac7bbd3a6430a7c2f089a1b3b8,0304783a43db6d13c73a358fee148f38,2011-12-20,6,0
474,cf751838e9d6f05cb5e8eb7c5c4ef14f,9eda9fa802b8a26f80b02662328a79bd,2011-10-02,9,1
475,320c36d3ff7220d0f308d7debf604b54,f367806d993ac1469475284a2c68b963,2012-09-19,7,1
476,d9771022f0afff5fe281531aaeae5aea,e778a87eb6e5688fe5c46dbe46fa07ed,2012-01-14,3,1
477,9f3ce085d55353afa995a6fd89c6a093,433573f08599b9e88d065f34b7fe09a4,2014-10-20,8,0
478,2b170fff4908724bd12ee8be6db56819,d9b472657e1476afc972fe8dbd0e02c4,2011-02-16,2,0
479,ec18f0ee3383e23ad51eacf8070f144c,1e4979a4e61695ffc2179502616fa198,2014-07-06,9,1
480,b689ab7a4dc5a072b4caff84b21cf04b,c0d7cd0d2573517072db74d4ea9f771e,2011-01-11,2,1
481,e112a7da1db3501534265a26908b597c,e25f07d7f31cf44808f0c817d5967242,2014-08-26,6,1
482,b02fb7f515e7c4c126890124169efd08,2b6ec3d1901fbcb5232b720c974a08f8,2014-10-16,7,1
483,1e3bde65e85268748f7a35385fe840ac,c1c7361e1136d6f2e2a256aafa84eb7c,2018-11-05,2,1
484,70518ef6638094d0fc517ca107e141d5,df6bfcf333c1b6f63e63122f17673f61,2013-12-17,9,1
485,e257c94ae6d5ea2942d686749b4d7497,e29c1c6fbad2c640b6df263b25f93641,2012-05-11,3,1
486,a8285b2f9a34c9242e6dfc7749167b19,9653793da10d987a0afeed27ccd1b7bb,2018-12-08,2,0
487,0caa576d23b77edaa2ed147245d14d1e,c23dda1528eb8805ae3fff071f8dfdba,2017-08-19,8,1
488,7c0a427982b49c821908a73035af8b2a,58b203acb03aaf303f54327724a34c8a,2015-04-26,9,0
489,98f4f511df683ce3528a948e63aee5f2,942657a7b1ec17ef6c7f1a587cce8035,2010-03-14,4,1
490,6aef465f9a6c3b2338de6e604741b1bc,5caf011a6866e093e83088d7bf431abd,2013-02-27,9,1
491,edd8218c79b515d62732832ae31ed1ed,f68c47d4cb3bd6465de752f5728ff481,2019-08-29,4,1
492,ab2effaeab3b3130b0799f7c983769a3,a7d902884ac7afac3b6a0d8a4fed73ea,2012-05-20,2,1
493,f17a806ac622829a60d342608bbb057c,bf699375df6bec460f9b2a29da6485c6,2015-06-07,4,1
494,8b2b7dcd124df0f21a8f2029f073c0a7,510a657e71431c028c8c3808b61f0b0b,2012-03-19,1,1
495,2645801ab1634c61e0499ed52e33bea5,117e49c0a58b4739d63a39112afb9fd2,2016-12-30,5,1
496,d28a8a98e86b7bc5dbda27b6200adbee,959e1207bd49212cc541e74b636b26da,2011-12-02,8,1
497,ff4db5d8ddb218198f6dcae09bd11d1f,42a1963d190269b1bf1b34796cc1488a,2014-09-22,2,1
498,3fd3580c2b7d00deafcfd96621df660b,c9a36209fa7c7ada7a4c651d76a1f524,2018-04-18,2,1
499,59f76e04dea17f37fe14418e4d3854c7,ed1e9e59f96813304684b751ecf5c653,2018-06-29,7,1
500,a3076b5babc021aa07c907369e59fa4a,eb2d0f87e8c40e7c11e92b13d9606cbc,2011-11-12,3,1
501,53c02f6b1474f063b75a80a4e7e0b5c5,53d81cc7763a3643da851fbbe2cd474a,2014-03-27,6,1
502,7d70a47c211956ef786cf9f06c049fba,cc50a2fe0c8ab1b852ed7a16c743356f,2018-10-30,1,1
503,ea12cf1383dd70e0d563868ab4ecabd9,4fb10aef40c6c69d7bdc08dd7ed6cbb6,2018-12-31,10,1
504,69ddfdeff29375917ccadb9b02a59146,f69285f3143beb771d2fcd43b8f94695,2016-02-12,1,0
505,36e24b35e6a18a8fb2c7d9558b990a57,285f43f284da28b432f020c89b44cd1f,2012-01-19,1,1
506,85c32cf8f666824a641e2c2d8d7e1ba5,10501aa2bf2ecb04a6a0ce28e36019ee,2020-07-28,4,1
507,60ef46d47a8c52743dc3b7f3007991da,f33b111cc5c915134a9cd3d194e9a0bb,2012-08-05,4,1
508,8887a6be6e912f7f6cb6235f6cb4778d,56d6ed32bb8dc542f3c12b7db5740d6b,2015-05-26,9,1
509,55f82786f580495c4437cc08d681e6bd,ebdd07d61f50f00da7c64e8d21cb88fd,2017-12-18,7,1
510,477620d501a783b01a9ae91919a60c24,34b7090e7dcf6824ab46ec4247b2c6fa,2020-02-06,5,1
511,57b06b506478abaae46bc1d195eaee33,c62c96b340f85d1c1de8a858256e914a,2013-07-19,6,1
512,7aabf6175e79fc224a62526e5e888478,5af0ea6ef56fa9f9125b6c5fb03177db,2015-02-21,3,1
513,334e9999b3dcf0116b7f478382859585,b9c7f5e3473ce116951a0c4e2c8325e3,2011-04-10,9,1
514,e4820b7c3e458ac78082fc83c8002c8a,3507fc3a3c0350aa2526740d22ae7b1f,2016-01-19,5,1
515,9c08b3a7e3a51b277d1820acd6eae330,2c02a69cf6ca8647ea8a0d527b8c4e41,2015-03-14,5,1
516,6926127d822f271d36396d7ca927f128,a58426b5374c3270a65762344c38a239,2011-03-15,5,1
517,d142768f2a5a323a24746b7e0827c269,13b711c4bf321681824d30636e0d1287,2020-05-20,7,1
518,13a6f203c1e5b2e6f767a5849632af29,a5706224ef70c64d2bd4e967aa00cf25,2010-08-01,10,1
519,f2c9c7bb25735c1f15ca55cb347f0eda,25b4b4e3ea881212a80ca2644a29a438,2010-04-16,9,0
520,f3e8eaa98e997a37c4a8aa3f127e29b1,ebc69ebea39fdc1ba43fb550b2bd079b,2017-10-04,1,1
521,35e964d101f3d778b14cb65118625ad6,fd317395f83d3fc0ccf7e77acbf4ded9,2015-06-15,7,1
522,bba0805c94a8f6c3d0830611fe2ecf65,929a01f3fa5a60dab6177e2f49c73444,2012-12-29,10,0
523,25ac8ca942c79c85676ebd686b3f2d16,896c1fd26fa95f9f8fa44c0ff8eca02c,2018-06-26,5,1
524,40d440f47dc0b03a929a60c4000bb9a4,3c8569bee52a81da04f71b858fac788d,2016-11-15,7,1
525,a261ab914b3dad88622bf9791b7df6ae,65681f4eb861300a64caf158a36ffbdf,2020-09-09,7,1
526,f34e857465bc7f9f069b63be63a59e1b,3451f7fab4d0fb662eb93cbf3c36f733,2019-12-02,2,0
527,db610e13769e4f68929b13e71e517b86,e6cc973434f0d7f126de114f713affbc,2020-11-28,6,0
528,349cb4c2f1ed8a68eb6ba43a429d80d0,539f88d8d022a9b3cf2453507c40fc22,2014-12-24,8,1
529,9cb8ed07399ea0d5f0eae1443b4457c7,fbb64a1e82d3fef1326e4df302b104ac,2010-11-10,6,1
530,15119687e6c8c71da0c78951530dbdd7,99a38992c6a0c08f90bdf9d4037d8517,2020-08-14,9,1
531,eadd211e848f05a180fc2c2f2ffbbb3b,5598baaec9528883732f94756487f84e,2015-07-20,2,1
532,34d60e41680492331fa23cc1f21ddc1c,7a99dc178f8808c07d20fed9cdc83657,2017-01-15,10,0
533,e3431cf0202331197fa1ab45a75bfbb6,1bed80ac06a16f7958d5b1bd5f497895,2014-05-21,3,1
534,eb51485bb66bec1c897a5c51b8235f62,7be9cf3f075d4389590a84710bf41337,2011-07-22,1,1
535,367fc75d06c47dc5fa51a0471cc2c6b4,745adaabcb44c6f180ebadd73da87931,2016-05-02,1,1
536,a07c4a4e58bccc8285af48fa1307a251,56de6676ab2a967cd955429f5bd9baf7,2011-12-18,5,1
537,90b877fa0c72cf641ffc43d37b2930c9,5b60d086d3d8f746a4078cf3afd610bd,2015-12-16,2,1
538,ee9eb7e137a9543a055fbf47cef8d349,c09b08744f16bd2b82ec688933e331a9,2010-09-26,4,1
539,2a3d379afb4a7584bc516e338b7921db,8a6c99a0a784847bc7aceba0f293205f,2012-05-15,7,1
540,e6ea8ea7383c069ac52d6068cc320aa2,9c50a85c64ff534748b57650f591941a,2015-02-12,10,1
541,55cb63bc183f75758398ff4e68c6e63d,cec10ca8af8f9986403902bedb6bb448,2018-12-12,2,1
542,e3b451efa29c983fd52110a097fbbc64,bf56df124b3be7b6368d17490411a6aa,2014-07-25,2,1
543,eea0c629617ee9fcbe1a374d457e921b,2661861de236e9d392724f365102f371,2018-01-11,1,0
544,7e6df311d76cb52fb312792b5d8f6fce,3634a830b3ede7bd32f3209dbae0a218,2013-10-02,5,1
545,1fef42c6870af83ef62f2e4562a3854d,eae0e43f309fab295a377b47fca86a22,2013-11-01,7,1
546,7e7cc011bbca3ccdc1923d80a7ac6385,3a0af1aaa02aa9815f42131b44b961d2,2016-05-17,6,1
547,1abe5b8dae0cd5042fc9bdca2957e315,11465faa0ea39a3c041b98f6b39cee13,2011-07-28,6,1
548,371f28c3e3fa1d3c43bd51501062f5a5,4396f7d4146c2b4f074569a88181dafe,2020-11-21,1,1
549,69ceb2d695c464b9294624677eb3978e,1b68646bc571b92c32422be4ca739223,2016-10-18,6,0
550,f68d323cfa1cd75ac9d912a9fc40ab06,e6d55ae66d9e1b99bd0c31ba32b14aa7,2019-01-23,3,0
551,db856ce5d6be0ab49c489e04de2d8d51,80b58f5655e9e34d39c542ce40f7aaab,2011-12-10,9,1
552,ad78a34424b64ba8ace7c8e9027d3b4d,62d3a6ead194e747a190e3a2d31f223b,2016-03-28,5,1
553,8c185795107cbd9f0f3c041d854322fa,5b305547d44c561f3a816fc78cf70af5,2017-08-28,5,1
554,659930d4f0705c8e92cac9f3f6af4de8,f0d5f542b2d4f3c7ad8d1ff1db0008c4,2013-01-21,10,1
555,f8d4b03d6cc6b571ec06f32845adb798,c6621d361fbf883d2dac4874798263cb,2017-10-16,3,1
556,c88075699be054349a60109cfce4cd69,fc980d0abce6dc9357af427de4f4ec85,2018-08-31,8,0
557,a4d9dee48ebf9422f19b125b70a4efa5,ed7edfe820613d8cfc9de68b79000844,2011-10-29,8,0
558,c7434cef8c6ddd6771e416dbeb1e2ceb,88107e8ce073e10dd93b19714cb4aa72,2019-10-09,8,0
559,ef0acdace45a1700430bdb56436eceff,50d393b4ede238415c44726e603e1020,2010-07-04,6,1
560,b9def3d992ae59948e5a173c2a823c7b,70325d1f2ebd2fbf242bebb65813b554,2016-07-27,3,1
561,3c403fedd0ad2509bfddfe594addd8a1,bd8ef30439a98e901ae515d3ee160f6d,2013-06-18,5,1
562,33f4f0452d4a40b3b547436163e7cb1b,eb944c1d77466bfecfc3f34af5f26633,2019-05-24,4,1
563,057937a15bdb408945ff609f367c5be1,0387a143f41700b08b0177f007dbd418,2019-08-20,9,0
564,d51a0a3936da2f9f89425b44c3e72c1f,ca4dce8a339b1d4724a3a697a9337e95,2012-07-10,4,1
565,9e5f39ea141a703f790b8970ab75d204,abb6e9890d4ec7c9127829b74d24c6d6,2012-12-15,9,1
566,b572a1c3908a7910d3070c1d96c68ad6,a33063a5ded74dada6e32375ed8b5848,2014-12-16,3,1
567,fb86cdc665e9c5435f98538b1df49402,acb0316986d6075c33724c9f881f4251,2010-04-09,6,1
568,001380a16a7d520dc92b113561cca3fe,4a089d56bfb0515dd172e4802dfc1abc,2019-11-06,5,1
569,87a5d90e1a1f6a9f16da716861153370,b37dcd207afdbb18981907bf5af6ecf3,2016-08-01,10,1
570,39502be4b9a36ebe20d61a47a73ccda9,f6500ba1f9665e684952d67e51cbaa0e,2014-09-19,6,1
571,0f27fbe96104b88c0ce69a74030b358e,3b6dbbd301135796da74feb37612ec36,2015-12-08,8,0
572,a8ba00cc558363d4eb6ae45a8ca8e8ca,f619c4aa799bd98ccf829cbf61bda888,2013-10-24,9,0
573,0b11266d554a894094e9a36eabb6f3fe,61ae37aef55648da9694a50dbc6db4b0,2018-04-25,3,0
574,61e5bebbdd5182c2bd9ebb92bf713c2a,6c90f8aacb007f2aae22f997e4f47d4e,2018-09-25,6,1
575,329f05aa93991aeeddc6b2d9fc8d6d8a,cb54f3a85151e1985d0ca64aceeaaf1b,2018-01-22,2,1
576,b9db0fbbe990743e8827339a065bbb1c,f6c3ba3a27b43ee903d182dcc8e4bfbc,2010-12-07,2,1
577,761e57f40643dd0a52f39b74a12cbaa5,2cf80e361e70f17daf08f551efd09e45,2017-10-16,5,1
578,ca8081c15246dc26a0f63dd9623ce92e,36374ba96a2cf43c7c99c71d6263bded,2014-05-29,5,0
579,e9756351276058556cf09ea0371f2fe3,d4cb072a86b655c23f56455605f4e232,2011-12-31,7,0
580,dbb1bb67e9b8d7b21498a0939e831e76,d2a5723cde1737f7ca1fa9bb0ef852d3,2019-04-11,2,1
581,53289f4c7370179b331ff5d198c7e669,35413d0051dfe45a7eecca6c5230f094,2015-10-29,6,0
582,502a28b1c118c7aca208b321a6a5fed7,abaa44e52b7d5dcf8579e27eb6f638b3,2019-02-14,4,1
583,969284da0c0cef23695a7f9a0b83f9be,df32d2d2dca2274c112f2592bed6e3da,2013-11-29,7,1
584,387ab18ca7ba72b8f104ff5e5ca25934,d346d6cae722a5e45daf869f93c8270b,2013-11-11,6,1
585,65cc08dd584d3fb8eb22cefc8f9c54fe,cdf4f45c0d68f8c33cf40bfd09657eae,2015-03-19,4,1
586,9a510a6f9747d309a9acf88b4cd80cea,ef19297a2364f5a46477428da1425ef1,2014-01-12,4,1
587,1f020f7273e1013ae81ae67e628a6eda,423293aa250aa503c7fb7a87847ce38c,2015-04-17,10,1
588,e0dd0739d536056d43b5d759fa643b62,0989ba55bdde84bc27511af62b5ef17b,2012-07-18,3,1
589,2b0c6885d6a2bb9023e503bc2fa76664,8ea9e18d40be289b950f35cea9d33de3,2016-12-14,6,1
590,ef58f95f17819a3c662aeb38a1dadcf3,4802c2cdd6522122b733de44a221cd3d,2018-12-22,3,1
591,629cdc57a5970929ff05f53323d154db,12cae6aeb01a2154c42cce5f5e8760f1,2014-09-30,8,1
592,b2d27f49b9b40013219d5e0df798adea,6dd93e7e3815a2f7f59e7e66f0165191,2019-02-08,8,1
593,a153459d61c7e75aad9eba0c3dbad60d,39e480ee2b19a9064e51e01df3ed973c,2020-04-23,2,1
594,9d6424845e4138f4864a633bd1188d1d,f15b3200653ee00f43f358e98b8b947d,2016-03-01,4,1
595,928291092917984f40c2818e776ce5cc,f116d7f05eaa999baca9327e7e12fe95,2011-04-29,3,1
596,36f5a34c517bbd2d9e9a2376867cf30c,4a8eec47adb3b143da5692510a518827,2014-12-11,3,0
597,0f1e3ac5625f74535d3594c0e7f1b7fe,f37f3e14703fe764ca05e10bb66be4a3,2013-04-27,3,1
598,ce2ce1fca7be8061e677740002baef94,9c5adb0375391f6ce0dc5604cf6f085c,2017-02-17,9,0
599,5d469184e0caeff35403104f4ddb8443,519bff0b82e5eb42f96f93b3732e82bf,2011-01-27,9,1
600,f1a63ee346f2c3eaeb056fd8ced81b94,b231c15aab49b8a7e24c57300ecbb532,2012-02-16,2,1
601,830f72695e6437e8abe6f7af500e50e8,799ac8bf5ea0d384136491348ad7f1f4,2016-07-07,2,1
602,5d054136836efd27407dd7a1c630ba2d,eb32bb0246aaab655d70038cd3f8b93a,2013-09-07,9,0
603,8a0c5e87d205c9f3cfcad31e1369bb5d,1ba140bdba25598568f7613570364a81,2017-10-23,4,1
604,5ec1cfbd6fe9b4037d2085c1e8280a89,c453b41c306bb42b9cd957f0a196596b,2019-02-06,9,1
605,c49080ccc1f5c70c73bb781974112567,ed05c5b1c80fae8e427cbb4e91f8cd40,2010-03-15,9,1
606,cf0932d484aeb286aee0558a059ded5d,fcb89d99491ad874db9cc3a017a96004,2016-05-28,10,0
607,8710e6deb0c50bdce4d8cd82f1c6c015,04d9fafa57ea0dc5d1ee3dcec7146bf7,2013-08-02,2,0
608,0f914b6b719c81e6681dc29178668297,9bcf5fbffd32462b465931cd9117674e,2020-12-29,10,1
609,35b3ffdde182f7ec6e025e8a99e3e974,9e8eb4bef097257c24a5ad754265238d,2014-03-11,8,1
610,bde16862cd28c48e794f2d8df8d847ab,2c67ac0e79213ef7f47800873bca99b7,2019-11-28,5,1
611,ca5695567325755a6567b3b7fa3bb3c4,4d16a16d8353195148ebecb6664b66d2,2019-12-13,3,1
612,09529685fa7353ab73a5446589dcf149,e08cec7465af5c579c5e3522ee493c02,2011-10-10,3,0
613,22a59ee78570c7688f7203331b4e421b,1592afdf0ea221ddd597b21a0f606abf,2014-09-20,8,1
614,0b1a2f366042ecf7ea83e6b01dcc37c0,6a6906d9366bedfab56ef6142c3f7f07,2010-10-23,1,1
615,510f9615537aa3a2c5b71eef0fd59657,18b4380ee192895746d1e139ed8c1b9e,2013-12-03,8,1
616,b6847f67924b881784eef2d57799aa5f,039294e5535f4f6f8f8a0a9ac5b26d87,2019-07-24,5,1
617,4cb799a5f46893828f12ef6d7c915cf1,f6d0f942476cf983ea25002aa9647a96,2018-02-06,8,1
618,2d9ea6605ae98796fd5c7cbb23e80b10,a746becf57dcd8853cabda8944c3773e,2018-08-16,9,1
619,ad0c99625ce50c6beffde7db015cf4d1,9eb6a762d824db08eacf1496a39be873,2014-08-09,7,1
620,d437a6a91339ec05c5b35d1f7609947e,0cde522232db707682d1caf0d759efa3,2013-07-10,8,0
621,347b8f4a2f49c9b2ba4ffe9de551bf0b,49a0cee6c30529bf367c0d8932b3987f,2019-06-06,4,1
622,14fb2b2e75d35e34a5435ee455adafe9,6523c7cd76ddb27e8d24e667d452a97c,2013-07-01,4,0
623,7e005fd68bdedec979cfbc03b53b43b5,fa1df2f05d699985b0dd6e996ff257c4,2016-06-29,9,0
624,991c28ab1fd63da8e9892a86a8e5313f,276905f1c64d3c15181e4528633432b2,2019-04-06,10,1
625,657ee57070f31526972ec66e28e304ce,d92fa91489a17e2a1b38bdeda25bfdb7,2014-02-26,7,1
626,0327b9c1bf822389c2954f0d585a53a5,7648347fa54264fbdeda9f7ce09e2454,2019-02-08,9,1
627,b3c0b132717457211957d2923bd0513e,27b77a3778d104ed699e8d1bc15227cc,2020-07-15,6,1
628,6509f925d80a4dbf4df77e6745dc5a31,a9825ba73238e96bd595daef38a349a9,2016-05-19,8,1
629,d164e31739e46b7da48d95b085bda89c,6352804033b510c28bf5144993234bee,2012-09-29,6,1
630,fb0904ba35bc02e940fe646f4fc08d6a,111497e136706f0219f4f31bf2a7a198,2017-08-21,4,0
631,d48f0ccfddacd5c7f55adfc32fc62b70,490d065b3b453323e255511b94a2df35,2018-07-31,5,1
632,585bfc7fadf3e238a51dd29eff77e123,c25ce9a4b53371d99e1e345557b27ce2,2012-05-12,8,1
633,86f107fc4821e9e861f1c9873ed373e8,0c2cc83532f23dc818757b79b57a127f,2018-10-12,2,1
634,5ae48471d1178983d9de7c5190687294,d900b4b753196d1ed35fcc928e07ff67,2014-05-02,10,0
635,fc69a408abd8158bdae44b10741ae5d8,08d072ed7057613b62b104935dbc3f59,2014-02-28,9,1
636,cc9b0c7c8c6020eacc2622fc0fce84b9,5dbc979c0ef806ef3fb18b39f4cbd562,2011-01-30,2,0
637,b86238e9fda71bc4d1d042dcc219d082,8aa5df0731eff285e37e4c61a4f298f6,2018-01-26,8,0
638,78c7a291bea1038be575ac25a4e01b37,30f960faf22fbee6bb1ae3582005c711,2012-05-12,3,1
639,3de2f68e4817132fd651839a71fc74a0,296d27519ace95c54bd0f7a25ffe6e08,2019-10-05,3,1
640,b599946d5329205dc4dfcf95a7d29313,16419a98222b0c7616e4a22b97c65232,2014-07-27,1,1
641,b6f690dab95686ec81fca9f952bea382,d28539995269375b88b968bd9d99b09b,2012-01-08,7,0
642,fb79c30faa9c5a2205ed200685546699,e854f27b6ece5578a1ae2f8d2568523c,2017-02-13,6,1
643,9eabc8c94073611155fbf73dc16ceddd,e5a7500bde588171659944d71d950434,2012-04-15,6,1
644,3dd375c054b1a71418577ead8b63f22e,8a77821c3467fbf9fc6ce489a6f5059f,2019-03-03,9,1
645,d803c53a3d271a3aedb088c69d499d9b,e6277faa07ec36926f0aea769433e7e3,2017-08-31,10,1
646,32a21a6a9b03e9156d29aafdbe58f39b,f0ddc7d5a8c353f1320d6ebd0193c848,2010-09-08,10,1
647,8811ad2ecd8d181f401bb73b2e78d859,843e9404512fba47c30b5524f3da46df,2013-07-16,10,1
648,4e2c89a24e0566a4a2905835885effdc,83eba5335b9afcd73fb6d55a3469655c,2018-11-21,9,1
649,833a763c5a3d709309dd327c9ad6eb4d,ebcf7b92bfe7fec93ba73f10860158d1,2010-05-17,8,1
650,61fb904f39921fb676b153e1da46603b,d12c37377d4d7df49ba95d3e0557813e,2017-09-11,7,0
651,cba9b3da1bac5bc47e170595c6a75e0e,80008a0d5abf4b9e13a82ea853a8d57f,2012-07-28,9,0
652,42bb2e5170667414f8584f4d998f81bb,0f689f7079cc5b96af72a495f1f34e3a,2019-02-17,1,1
653,0c4341e25abeb48987a2252209a7146c,75875788bb250bb1f2c8f6a044f36e7a,2014-01-08,7,1
654,4efd28e2fb89e26218fe7bfc44febb3d,276ad74d2c39e1a33c70a6b56d0a6b40,2013-04-03,6,1
655,717b636f6b062b976a682806fb48032d,886459bd2d6ca78777726d9a76e234ec,2020-06-08,8,1
656,a785e262c7711bf0fe9ec240880ed6e7,f812e032bd821b8247277c8292901b70,2014-10-27,10,1
657,e9b6362b93d48adfd5f621c055d5880c,843cdf64363ea34585e1e407ea86595d,2011-11-03,3,1
658,bea8177a2bf446a6b1fa3bf0db98f927,1682448a76206d2dd13af8f284da8901,2017-12-30,3,0
659,3c4dc5153a89f30355ee13818e9e5224,5dd06c6579ae3918138b6f0ad03edeef,2019-01-12,9,1
660,e88aba715d3f9b2b2aa485524ec69667,1955742c19d907c59f6c8cf8b0506609,2012-03-28,4,1
661,688f36c68db53a5cb8ee8c52557bca7e,f359c5d4effddadb746035c160263433,2017-10-12,10,0
662,6887aabda807276a5a8a94ac40c7c7c6,65c3912e28a2b1fc3c9eb0aaac0d63e2,2020-07-17,8,1
663,ba9cc9169cda6706d62a0f14aec14fc4,8753bc18e2728df31d4d920a4002579a,2018-05-15,2,1
664,b6e7e9c9707dc93f0fd19f495ae12425,b72744e6a679d2be70fdc8102157fcb0,2018-04-11,6,1
665,b9b4e3c4b80b934bd6c96bf572ca5a34,39d51a84e27f5aed586997e6897bab92,2020-02-08,6,1
666,5d69d14141e81e54f2494d9ce06a1ea5,82880c3530aadde63cd33019e7031e08,2014-12-08,3,1
667,831ae509e35a934b21e3d10663dae966,74b5acc01eabe3e309cb167919a135f0,2017-10-12,1,1
668,4f1be7e1f10cd647fb6bd666e2d6880b,eb1634626d5da425d81124bad650f6ec,2016-02-25,9,1
669,7ac1ea1a16c14898a37636fb62da53c3,789b09df8818bbb07a52b1b1f55ed984,2019-01-05,6,1
670,33a8485a1d7e25bef3f0d8f76fad435b,04c2817c1db2eff85093a61b2bc5909a,2015-09-01,6,0
671,d0d74caa2df0b178acae63ba6219d1ab,b99e0016fe4af4613747376705f827ab,2018-05-17,6,1
672,7756e14d16d4b36c415d8d999d2cd44e,17e8d4284d928b5af3fa7ccaf9e0429a,2017-08-24,1,1
673,ab10dc408ba480ab79be3717ff75fb86,3d237ff8808ad18adeedc123839f073a,2015-11-06,10,1
674,e3275ef01826543add50b2b8a97dca99,53f7c4221bf3810bd0562280a418b11c,2016-01-05,8,1
675,5022f9b338ffd01e85ac13865d3522ad,d41dd578c90116c680af81fb94bc6ad3,2019-06-30,5,1
676,00c2b5e531ee8ca6ce72a75d2b033ce7,3d8aa539c73aa89e474b751016492bfd,2015-09-27,4,0
677,b63956cd44f1d3887894d3e1c011e3b8,3bfc40094500287543e681404ce37e40,2017-05-30,7,1
678,665ab1c51c75b89b732f21e507f2ca9f,f7092b7303ec7a232526e1f9c723cd54,2014-01-07,10,1
679,757a68c60d5af854e64f8a773c8ead3a,4b3d23454693f0ee6357588c5471b5d2,2018-09-08,4,0
680,9c7b023cad5a12828978e9ff68f69730,a824501b85ef8ea739be70abe26d4317,2018-12-25,5,1
681,3a76174f28d903d1684ad66ff144d894,e5b46c9065d4a58797e30eea03ef436a,2010-03-19,7,1
682,05d0974ae42598403792ded6ebb157cf,ab56dda3218c32b83ac310898bebc7a6,2010-07-01,3,1
683,f4f40826d860009c7889097ea5357cf6,97cd673e4df2ba13c100075a53611ada,2011-01-15,1,0
684,f25f2a1d4b201667821358f5e3bba583,a692c84de13ea4a2cb6bc2249c91a02c,2020-08-06,5,1
685,a5d15835934387b202aa1daf1f793b2a,a6f5b51fc1f23f29d28206bb7dfd425e,2011-03-01,1,1
686,d727a6f2a6237acc33cd25c2ed34813f,5745402596c299ea7033bd972ab129ce,2020-11-09,8,1
687,668829b2732f523beb3c25292b48b319,63fb235abc0ffb01b8d31161e32d1685,2015-09-29,8,0
688,2b8cafdde3ca302e98469cc2355bb548,561e822d4fba7a6dbdcb3b4af8bb3d32,2020-11-28,7,1
689,0567af02e3d78f184c37d3edef1ee1ce,3e7793beb340e3d330b50c973ee39da8,2012-12-23,9,0
690,4be4a8254b90ff8ceb38c0fe8ad904c9,dd92a04576275437ca89aeb6c180902d,2011-07-26,9,1
691,1b7e560d34c6dfb26577ea6f40da3701,df7f62922af1aa021ade8cea3e3c8297,2012-03-16,9,1
692,a00a82193a8715e5e4a696dec12062e0,c23a5b2981e4755b70e41506b57c1d7a,2016-10-31,5,1
693,d9e238a881743aeadc4b2b9a52c9e677,610b08f89ecd4a7833be7106b680ff61,2014-11-12,8,0
694,4783911f726607dcab8d42cf550fb1f7,dde3b5c8324f7b893535066e0305a236,2014-07-16,5,1
695,7ce708b0a7878a1efa45ea62a8c4a94c,2f4f896865481eb44eedb1ef9a28d539,2015-02-26,10,0
696,b011b495b7629eaacde63c09698ae1d3,96e45b75a1a6c81aa506ac06cdd806a3,2018-12-16,7,1
697,f517000694466c079cb3aff315e6b3a1,f37fcad64c79bc11bccaed4881848ca4,2011-11-27,8,1
698,2c26c280b1abdd747cc9da6e1e1e49bd,71f0602dfecbcaace886be14590abe63,2013-05-29,9,1
699,f8d5619334693bc17ade76ba197883ca,82255c8820c40b8e0289d906c717bcec,2010-12-04,5,1
700,6c2170065d48343f1d9851937538e302,39243f5b97cef5b6595384472dcd84f1,2016-05-27,9,1
701,c6e987b168f08f12e6de2af154743d3b,0b64ce54539aee79de25c328d1820bd3,2018-08-04,5,1
702,7932c69e99d56738c791be567163190d,643d35b133a49a2ee9866bbc130a236f,2015-04-22,5,1
703,3823a2c3866cfc094e2528b482c5bb99,a094a92687a189f410efa1cbd2afa6e3,2011-11-19,6,1
704,5ffc7f11a70ca5ae913655d8cc41fff7,4dfb67705ab3413beec75b1c014aa827,2017-05-12,6,1
705,b8cc6577b6a2d454f8ea1238f5d41bac,fc13dfea722c0bc5c2127958cfd11870,2015-06-07,7,1
706,424cc2b14b8604c46dd2c37b67ebfdb8,4440adc97110382aec173a10f97ab0bb,2016-03-20,1,1
707,13e3d1c163a70d7721c6c4ba0481565c,f357ae66d3b10f036c6a2f31223805ba,2013-05-27,2,1
708,46e0b40e1548bf6348b3f46a97b5c357,5f2d1b5f0c6c9b98072671a673dca840,2016-06-11,4,1
709,069dac56b46e773186506ac459cd0db6,15362079059df1ea4ad6b79632db06c4,2017-12-06,7,1
710,318fbf840acaa80ee42269e720d59cca,bb665026c1ce9cd5f8344da1ce5742b1,2013-05-22,1,1
711,9e8fcaf32a7df2f818b045c52f34981f,63e053bf624ea90d107645ceb6677bce,2012-02-01,8,1
712,19ad3c5bbbe899f3d4600b613c4df490,7d5ac9dfff428d67b8e29adc2f92cafc,2014-02-19,9,1
713,0bea7cf17ab7f2f5875b9ddda4abd707,da9dac55e902c5ead1c8c8e52a49e014,2017-11-01,4,1
714,75f2abb7c437e3c1c3ccfd0a7bec01c8,fe6dc9c7552493522981a7a1628b7599,2020-06-12,6,0
715,8c0ddf425c2b2a92dd476face919fa29,76a47e1582d428ace51c30415eefede0,2014-05-20,6,1
716,6faaf67e0cd819c5bdf1362f9d229dd0,0887a71238f2847b898ef5250901319a,2017-12-31,6,0
717,5b5dc22f64241cfdc80e11b440881411,5690bab80dc9150ce13eddf1fbf12404,2013-12-01,8,1
718,9762ce9d0f2184cdba78ee2291925b5a,07b01adc19969d141dc375cf941a09c0,2019-01-16,7,1
719,ee50353f24384a69d09132c1675da743,3f2cb01f5ad318d6b7ae804da5a580f3,2011-02-22,7,1
720,6a33353883294bbebc608e345af696ea,7dc3bcd2fe0c7829c755fa9eafc7f294,2018-12-04,9,1
721,7d846d53501b7d53b5d8f94cc1616978,e78c9d6d739cf8f7ab2c0cce819b5147,2012-12-06,1,1
722,6cd889e4fb90e11512b8e29ab4917d90,709726158138a80c0839e1ffb15f8286,2010-01-26,10,1
723,df27656acaf8206f3672cdbe1540898e,08322a5e9c3bfbba0e41f42ee8752025,2018-04-22,7,1
724,294854e8e0f4aa423f36ba5c1b09e785,e51a97e6e04c9fa2cfedf5c0f5ba34b3,2020-01-12,9,0
725,d63226f78a8c2bfc36d0b6980a456719,beffa0a97db521236aa60257ade6725f,2016-05-03,2,1
726,e14d655312b899ebc5ee9a8f605ad24b,35c687fc7ff8fd99aa42f900cc64fb38,2010-04-27,4,0
727,d83ffcc7ebfc2165580e88f824952cb9,78f55d607e1fdccd944178fb23911ad2,2013-02-10,2,1
728,01cb26597ba4d89e20e481669451a3e0,91d7c337cb60fe2ca9a7206d54d0ae49,2011-09-17,5,0
729,87bd97fa5c8768dfefe67bb142510122,1bff2d95e9d7982ba0148eb6b2a5d04d,2020-05-06,2,1
730,d3a5880ac10a206c6a54cafbd621381a,d5ea618f64eb43a88bd3cdf4e63ddc74,2016-02-28,4,1
731,c5a5eaf6d9549500208f9227fdff2058,cff68458547d4c2d99280b1d64819f71,2020-01-18,3,1
732,cf5048db4b8a93bd7b88065ab8785f5f,8be586616eb9dfd8ffc0a93960f2b4eb,2015-05-27,8,1
733,b6d8adc6868e94b5ffa92e423d5b5cef,7d7ccf3a0151678d13ec7c01d6ba37ae,2016-03-22,5,1
734,661e94617034f3b4db108315b023fee6,1c139c0d58f081983fe40a932d14b57a,2016-05-23,9,1
735,24d269034c9e6d45cc706e93a9da9bf3,b0afc25625087df1ef3fbdec306b14f7,2011-02-04,7,1
736,11277c291416c640e7ed46fbea71670c,2178d284d81c1c218cb199651577d198,2015-03-01,7,1
737,88acfee9073358ab1d58df54e17a8c54,b79740f470a2c9c7cfb52fa78725e37c,2012-04-27,8,1
738,1ee627a75705c95e866a65a1b5a8bb14,fa64984bf08a730e2ad57dfbb99b318d,2019-07-13,1,1
739,6c4e39777b1488beceda7177574cac7d,3695ae796489f62a33b1c39f805d462d,2014-12-30,10,1
740,7650acba75f5d8d64c083414077ee43e,73f41cc7c6869ada3bbf204e002143d6,2012-04-19,2,1
741,07af651a0238071833d6f13d9c9c4f66,bbef138de8b9a01c68bcd7a79e79901d,2013-11-29,4,1
742,ff21a445834eaeaf25434e60e8d09577,23282f536248dd9668fe434b30f77591,2016-08-18,5,1
743,2a02d403fb2c00cc2fbee55a98dc631e,7ff9b6a3492df06659e2eeab5d587125,2019-05-27,9,0
744,498d9ab1d312b61afd0c27eb11506950,806613e1f47782b4f07c0ca3be09da98,2011-08-12,8,1
745,b28f3d054fc6b15e8033d1ace976b008,bdf52c09dcd0e693857ce8cdf5731320,2020-04-07,4,0
746,c9a1b8f32fe9f9d1920127f368898abc,14fa30f2e60aa51bc273c563ae4885f1,2017-08-20,8,1
747,851993de9fc2de9e37a318b839e604ec,011a148abb542e1f956bfdda9944208d,2010-01-01,2,1
748,dd0bc14e23d0b994444c1d35700cb62d,5bb5f2cd22568fd0ab3f6f9078d9a2bf,2012-10-04,5,0
749,649f3cd3a49ad990016c9fdb794268db,fe2580cb19fb3910fba1816c6e41d123,2015-03-15,10,1
750,f9250eeff0a1e3269d12d62ec5f9630f,c8ff54d1db3aafddab0965edf10d0df5,2012-12-12,9,1
751,250b312b053fe7d5d38c6c44193d89a6,acc340cd352563820c3b425e2e1faf9c,2020-11-09,7,0
752,f6b27740e04b120a7bf19dc31dba52db,643e4949add58ebc0e2e161a6b732e66,2014-01-15,2,1
753,d18f18b1bd5444c594508b690a7da274,53f43ef9376131800e5dc18df7a4a1f3,2020-06-28,10,0
754,49a965fd5bc003d0a957958a1adf9ba0,1ca15002fc03f442deed682ebff16e7c,2016-11-12,9,0
755,87b59e56cb945108ed7894a4d14bf3b5,cda648627bc3ac6dcf3ec902719ae16a,2017-11-23,8,1
756,4a41dd0a2246f2d9541167beefeaf5d3,efb9c3851aa062e9a15fd7caab08ead3,2012-03-31,1,1
757,5f4c1ef25ecef0860dd25408379d550a,9029f112ae4ceef65e01e721dcd0d3f0,2015-11-10,7,1
758,23dd84200551ab22fa6444770baf29da,7a3bcaf449322e626f80ba0a0e09b306,2016-11-14,5,1
759,21a88c125af352b81ed08f2e404c589e,a7e663ed81fcd24016f65ee97f017346,2012-02-25,4,1
760,12d2c5c5c08725db01f0cd8a93c0d970,e0ba1641f6958ce65392b708d2ad6d94,2014-09-20,2,1
761,ea9ff7622032c0dc9c4ab8bd30ba1afb,0110e931d2e24559f3ac4ced9844f5d2,2019-01-20,5,1
762,6a418bf756c2a14de645124de2413bc5,7f630143df3ca35c67a076ce4e504690,2012-02-11,6,1
763,786096333a59bf566ff697ef73a14db1,20767e173e638c6e15ffdaf641b6d5f7,2016-01-25,6,1
764,eab8eb4696981dcf450cb403725cd1ca,b34df6bd883284ce0edb0300fd0e73c4,2016-07-27,6,1
765,8baf6c01a43802a90200589e7bca3cc8,d6ca807a56bb73a9339723a0de728046,2017-12-27,5,1
766,863ac6aad64c1f7e3eb8e73e21a890e5,8d6a0249ad9370235273447b122ddb64,2013-10-02,4,1
767,84934869157ce2608b7d0ad579b2f01c,86d38c3efb67f37a3c5c667d43460e99,2018-04-18,6,1
768,4fa349450e6a2405b3da680a4ab11d27,1edea7e7a3dcf5dbf3ce52c93d599706,2013-03-31,8,1
769,6e0d2c8aea365a6c7250474f9dd550f1,d66983e4a2db33446343f958c7a0d309,2011-04-22,9,1
770,5d49ee0e9ff3e291eb5741b207b23bfe,9ecf7e03a2080b12e5ae12ecf4a6fe0b,2014-10-03,4,1
771,1ea2e84e859485497c2387f47706c05a,328a08407a43a27d5e9bc9af173a5ad5,2020-06-02,7,0
772,be6b6cfc37dcd523590ee44aaece8ac1,c20cd49d54e1ca49377aa42c0004546b,2012-10-05,3,0
773,36c0154c948a3228110884ac897d7832,61697dcacde9db1e9aaa3f5e80359076,2020-02-21,6,1
774,79c2906c4fbcec99a865a10f6e078be6,d1020a2c478244d46e9037ea26763fed,2019-04-27,2,1
775,a63cb2f8dc11f65475be29aa6c6da6be,c9d06a936f29c24d18d6f48bc4f854ef,2020-08-22,10,1
776,171a7a153e1259127023852b6d0ff82f,8464c0cd5b9e211f375f64118820f1f6,2016-12-14,6,1
777,cbc23ed6171b09c5ad017819695674dd,f40beca1b40c020f498b754009049e70,2020-12-12,2,1
778,3f7df3bdbe5c7797a212259d74ba5a98,9505d9f2648b31809daa371d7728fcab,2011-11-24,6,1
779,01b6ab5942c4aa9b096c807ade69887e,1e67d15deaf4c13ca359b1e3d397dcee,2018-04-04,8,1
780,3d4f9c8594aa2003699ba6981f8f68cf,f5bc0bc34b3c6456edfe2868b17f8755,2012-09-02,5,1
781,8135b20ca27592ea9aace908f1b901cc,fd28a4257e38683aed009dd7bfdd2c5b,2013-09-25,8,0
782,a2c14c8250577668a3b057e92d16f5bf,e99bc126a457e4badb414aea972bb2e9,2016-08-28,3,1
783,1b0ba697102cc78fd047f8c73f457f52,e128270662325315e6c18848cec9e56b,2017-09-14,3,1
784,6b8bb6674a6dda63efd8266fd7f654bd,2a2ef33b19a7a184937f0eaebd28b8ec,2016-12-30,4,1
785,2818f30e61851814e0d2c592ae998f01,4f06094eb038247c753494e7bfacfa94,2015-06-24,2,1
786,a3e870f15c93477aee6ce30536b39dea,31e68c0a88122bdcbd61bf0f9051e494,2020-09-04,1,1
787,0526792018ca7816a55e8450e59cd8bc,2c3963ae1a982ac33897f4b1e59841de,2015-03-27,9,0
788,0b4bc242befe3746d31f8cd3fa9f811f,b6a23c489e62a1d2c8e4987109b14386,2014-07-03,1,1
789,d60fe440eda401d754f73575d87900ac,a40de4a87bc52e2a366dc8bad83cb299,2010-02-03,4,1
790,34b737dcb6b13ebabb07a4ebba86e725,97742bd4890afb64eed8b98f597fdb53,2016-01-18,10,1
791,adaf60a712fb8b0c486c99e4450aac30,e99589b842cdbadf620dbbbec937141a,2016-05-06,3,1
792,429b9c527be2d51d2e28b86a7ecc29a1,2ded4f42d2585fdd49eb85dcc0ba70bf,2019-11-05,9,1
793,3d80254b3768e474a4b86dce1c4306de,148b09ad97583cf68ee2ee998deed6e4,2016-07-04,6,1
794,be2716eb3115232453eef9c60fca379f,7c0b2db0cec51291b4eb406b8a5cca99,2015-03-09,10,0
795,cffea35a93c952fff712c675047239d7,b6484634a4da19a6d0b2da99a16e08f1,2017-07-14,7,1
796,c1c6457ad35ecd48d07acc06deb24132,883b5f6f2bc65fd0a09783ec43eed74d,2020-02-08,10,1
797,5e59de595b7dc16726eed49f750f80a4,d54ae316e87cc7716960aa11e796353e,2011-07-27,7,1
798,1284d3e775d265a776808fab0dfabcc9,e79910d740982efa3a3627c0208d4aa6,2014-05-07,4,1
799,bb99268721d856de093286951ee62bb2,a4eaa32ba7e13040e923e93903611c75,2010-09-24,1,1
800,795835170d99eb592d0b12af003879b9,7bbea0dd2de5057c5e2db2fbe25ed451,2012-05-29,6,0
801,f690be00c287d865e38be705bd3d3262,d4ab044e5db1fd7734a6dfcaafe18f8d,2015-06-30,4,1
802,cc2bf8cc8d086c13b7ec3a8edf1ba942,963e94416e000b34762e74d42ee29390,2015-07-19,9,1
803,146588dec7b5bf18071dd095011993cd,a38996d0b194700fd6d08ec2d9e4d259,2010-09-12,3,1
804,7dea391f24ccbb407f04f562ca1c47a9,e83a8546db2dc75a8f034783f6d400f0,2015-08-10,9,1
805,81a04601925d678e741ddddce135c870,357492d98ac2697cc4d8f0ef28d78881,2019-07-03,1,1
806,419e9dec5cd106f4caf15ec29d0620cc,211b48ddcda627f4b5c0638f1b6df70f,2019-02-20,3,1
807,b6436d3d30eeed39fe23d9dbd1d44fe9,3e9489fc18fbd73169950ec4c9282b17,2015-05-09,3,0
808,0acab83feed9f9eabf77b84bb64b61cd,80fa4fceda5fb516cb2a7482a449faec,2012-12-17,1,1
809,46a79177b7adef9a5a2c1c08b9146044,5b250804e65418aca717816f60298f86,2015-06-06,2,1
810,399f9842b386192920e3fc1bc34bc7a5,b88a4cc5fbb34044ec467c1f546a9de1,2012-04-26,8,1
811,4b90f9dfcb0f263bcfe05a5537c5bff7,c32d5df68d3e8f00d4efecb83141f3dc,2014-02-03,6,0
812,1f1367d70506f81df373f76954758291,8e82f7d5181575c90821b6d2f6ebec84,2016-09-29,3,1
813,ad377231fe3ef72832b0fb133f1820ec,efb9d1e6698d9704c1242cca31d7df76,2019-02-07,5,1
814,3b6c551c0811f5d5b044a1bfb6a7549d,88b43ec5ed1e111460dd5311cc9302da,2019-07-31,9,0
815,bb373c5fdf4c148f3becdaddc0b29ce9,90081d4c37ba42b64bc7ba66ccd6d6fa,2010-04-13,5,1
816,3783848838f93a657ad19c146f4a3e0b,3bc0a02182389955c86a9e3c00e3e901,2014-09-07,9,1
817,580786194240408ac080e9343f5cc1ab,61af9a57de5c20f8ef6198d31d992cc2,2010-11-16,1,0
818,6af3cb62d9450df72eac465ae2b48145,05d27157c52e9cdaa68206023b946456,2015-08-04,2,1
819,0b75791208953c002c68a7acbafa292c,ee5a17b15a884011b2e5c2b4dcca4add,2014-11-29,8,0
820,2c6a8b0eabf00383fafa30aad0ffe588,0a470e89364cfa3bc2801ebe1cdb9b09,2014-05-26,1,1
821,efe61b56ae5ec6f310a21912662d2050,1cba6b019165785c61512468c677a00b,2010-12-22,5,1
822,87817197d27be0b157bdbba27f9a4920,60403cf96b3a9c9af6ce2e3b973ae705,2010-10-16,2,0
823,beb54bfee0f64ae4e317a8bdba4ffa6c,c682ceb853202de3b0f61f5f58f5425f,2019-10-15,10,1
824,31c7329132d291ca86fc5a2963c2d99b,c44b8b9c6591cc976bdefdd5ccd9f163,2018-11-30,8,0
825,de4428689994a2da47368f1df3e5c811,bb8df86bf603f1a840a3c0e9bde3a75a,2012-08-15,3,1
826,8426cda6274cf55fe22e5fe549a92b1d,feb2f085975bd87f9f0f5568f7b738a5,2012-04-28,5,1
827,bc47e1e8ef9018a7cf53b2f5006d4fc8,37f99684f5f111505331173e3663eb73,2011-06-17,1,0
828,17494331c210c311011e7ad15f24fb3c,dad0ae6fcae67d0324bc7c0fd3fb53bc,2011-11-11,6,1
829,0b69b3d85c24a37d0c9c84b0f20b960c,f0067e9349cbef2ae6fd40bb3ee0c9d3,2017-04-27,4,1
830,827c6b42917687f011de25c1cfc723ea,50dd1b7a4857814eba9326c015b46c04,2012-05-08,8,1
831,097891d239df399712482bcada460187,35162e48100a50ff349e351686c90dca,2016-11-04,10,0
832,4413d23739cff583c5b7c9093263b2a5,ca1a647e3c53525257b87acd0d17edaf,2010-01-16,9,0
833,84ba375cb0bd07e3a28b6b559e6fe280,a899e70b173167c4d99fd5e864ae7194,2018-02-05,9,1
834,7b774b82628cca1cc546ffa3db3f18f5,845174cbb29519d8d2dbfd0e5af12765,2016-05-04,6,1
835,ea4a5a56e0efc988b91807f8331758e4,654b0bbc40c1770963623ee40cf262c3,2011-05-05,4,1
836,9f24dbdd940540cc57b04482d16201ee,b900ffbd28a2adc1b29e7b1f8db6e170,2012-06-15,10,1
837,48865485aedb08844a2bacaa6d4acf32,3562cced6114715335e9affb14b4f73e,2014-08-26,5,1
838,03de28df4aceb3287e824b28927f4d9f,7d7284eccb1f073ea710a5817a94675c,2010-10-02,4,1
839,8fa28ebb358cdc72784eeb4bd0630eb1,c9b9d83b167b5578384f1d3aaadab04c,2012-07-26,8,1
840,f883a017b9fa87c29e53aa173eb40779,a7f51528dda76c5168a125b792bafbd9,2014-12-03,9,1
841,9ced5b4ec1fad7fddcce5fc8d0c512d1,82a6604f71339ae2f3a504cd3ea6cf24,2014-01-11,1,0
842,931259e2429b0f2384ebbccc2ff6a076,c9899d75a9e647dd9d791f59b908c33d,2016-12-01,9,1
843,43f2abf34cf3f96ed4116cc16fc736f8,da1797f03973178da291df70a03b2c26,2012-09-04,8,1
844,e6d7809f9e9b875c957a5f9fbb3395ba,05e26d0990d8852b99999c589dae3bb5,2014-10-24,2,1
845,6eb9bc37dc4bc268666c564ac810e924,a769292633eca1f9bba18c152a00e798,2020-01-20,7,1
846,cae3372df253f40ecd26ea8fbfc46a59,85c2140526e87317b638d2867aadb432,2020-05-30,1,1
847,d59f7c62ba0e6a4691f7c79beaaf3410,947d5248146040dcdacf9912213893b4,2014-07-17,2,1
848,17114643ea52ca562c30dc1c1c0eae7c,70751cb77fa66a23fa448e5fbc114f31,2018-09-23,3,1
849,f7dba130972db978bb8dc7d1bce22104,3895956bb955f31587c0b5f64f7d95a6,2016-03-22,4,1
850,37086a7a64ebbc6f30a1884a65ef0b2e,be0f246dcdd070231c91e98d2f5db739,2019-11-10,3,1
851,89523bfd0be4a2cd7dc124df07bc0a6f,84d183073c6a58b62955a3a17170c986,2010-11-26,2,0
852,b3473e5c6ab5d88483ded932b795df32,98e335decad160b135c45b6440f7c8f7,2013-06-28,4,1
853,41328d0e42185130982906e89ca7f8e2,a09bd4004ebd148d7e12dd19489851e7,2018-03-13,5,1
854,c6b97eb744f974daba6ecee92b63a299,0ff37f01447e2dfb4dec21016bc9cd36,2011-01-24,10,1
855,06635d9a827a36b50383600bb471384e,69cbb4d6d3a9cb9f5f59923f5363bf6a,2012-10-23,5,1
856,ecb0525ee0f6bffef3c4e66b2ef43857,c0200a5c2051fe06e2169c8cc936b05a,2010-06-11,4,1
857,6355d55a972962f228b56a60413c2016,881d3f9f3665c8e0b83fa480261ffd85,2012-09-20,5,1
858,5491e35c7037078c4ea28a987fc476e6,82349a24d4529eb079a96c727c9976ec,2017-10-28,6,1
859,001d7879b05b1708ef927790ccaa80cd,8e9e085efe8ef793ed7b80554ee1b658,2015-01-09,10,1
860,c7081bd366ec2a4e0e02d393b8c9acc3,9e006eaa310b9f5f8094362137f43f92,2015-06-05,8,1
861,de690645ab1b41703aaf82252e826957,be4d80bd55a333199e0135a0cc466929,2019-02-04,3,1
862,d91da26aa987dcc6bab1ca728e08cf19,6bc675f31cceabe4a6d672236b57b8e6,2015-11-21,2,0
863,11d82a59f9dd2fc023981dde7817c581,aebe14f29730212eddf8c75a90a5912c,2013-10-29,2,1
864,7b125cd738265429f340a23ba382fb29,0a329fba8959a5c07a85f4c10c5f58b5,2011-04-13,2,1
865,9386fb26010f342840623edeaa72f62a,7a5c94818833f8f02ddc017cbb18dacc,2013-03-04,2,1
866,0792b880242d5cdb6622cb119ca87cef,60764777a003568d6b1363f6695e6ea1,2017-02-04,6,1
867,af5add6c1af59687b45a280014286580,26a7aa80bacef9baba5ddbff9414daa2,2017-01-14,6,1
868,8b26d713ad229768f57c820b8ad03bdd,0e947ddd4d9de1dfb993d5efec51a20d,2020-09-24,2,1
869,e2c77154c1c437f69cb8e56b0eaad3d2,f3c1c36b5f6255aa494d4ce410dd0436,2014-10-30,5,1
870,aad99dbd6200957fd0573f8e7744a823,65219ccc686b33e6254efef00511c426,2011-04-05,6,1
871,86cc4518d060fcb884ea14fbd36e1a1a,46de2e3f408375213e52bfe53f44b84d,2020-10-17,6,1
872,37d425422741070e5486cd9ac7d3759e,bf7737ee62b464546812c54309ad3880,2014-12-12,2,1
873,25fd33e08887389d3181c7819675286e,e7c36e93ddd3d143f49b08e579437534,2015-09-25,9,0
874,d8dfbc4a13e1a977e65e7b20d8857581,f604049b2c9570e91d00ad11447a94e1,2017-10-06,8,1
875,d01321062861b42905f69a051f0e12b4,f7f8585fbb3e83f83b125313c4cdaf2c,2013-02-12,2,1
876,8ecf314bd72d167bb6bb07ebb117a4c4,f027bf2bc81147c2b086af7dfb07eca6,2017-09-09,10,1
877,16ddec977f92f8aebe1e15747f94c369,30055c8e62c9f7bf3c344df3cfaaff46,2016-05-24,6,0
878,abeffd4fdb6562fee400a947bdd01f58,42f4eb6db28166f1b0a750f76adb0fcc,2010-07-12,3,1
879,92e2c910bd658a4053efec0d4cadebeb,1054d95a66a5b072618771bf0520380b,2018-07-23,1,1
880,638a977a5f4cd635e13977befad8ba68,71d395d2b3c5ab9f8d119969c6857ed0,2013-10-14,10,0
881,af57bb2a96b1ff64e1fcec2cd4bdcde2,9d3390a9763af66492a1f2e4529f08c8,2017-12-20,1,1
882,4c43b692dd15f6d932cdc7dac35de1aa,8b219a25fa00527d68f5d3f96164b7e9,2013-04-29,4,1
883,9163fb61c83a04eb0e73f713303aa7b8,28d712f2ee1e0ceb7ef287b6068b0e92,2019-11-30,5,1
884,a8f7caaf4ccbd7b1f44dec2c96ff21be,1c03c81316a138f4df23646e1f3a2928,2012-11-08,3,1
885,aac4845313516c481d8a8cfa3d590df2,1c34de14c76b9963d12507e76b3b82b4,2010-04-30,3,1
886,f2b4545731cc22d00484f594f677e36d,db516dbddf80303a9294db83b5717b34,2018-04-04,9,1
887,8f12df92ade5d7ab79d76cdb5495b100,0a7e7bf8cd98245124954f2a666ef54b,2012-04-20,1,1
888,b94445a7e3896294e888fc99d7ea6ca0,2b51f12a785de0db5e52bbd0bece3c8f,2014-03-27,10,1
889,86f8d34aeb876f0bb384ba83d16d5510,ab5460cd4a4cdecd29072b5c867eff5a,2017-10-25,1,1
890,179a61e822898b1fa4b28cd35be7e0c9,b13a61de47969bd44c14cf6bda5018d8,2014-10-21,5,1
891,033bc4e4629bdaba0ee0228c08da959f,f7668f78dd8b698df97a22c97755a32f,2011-06-02,2,1
892,c5dea4ee7b33960274cb4bc88f4e1bdd,8dc4c76aad8607e7cbb9e60e68e96ed5,2014-03-31,9,1
893,2c8faf2b0c5dddcdd04d9602e96481b1,d4ab3fb7e93f115469748e0d0e9ba2c8,2018-10-28,5,1
894,82813de2e98355a5f2622277bf7ecc40,b5cc2a84b153cf52dc2c01f86b4d85a2,2016-03-06,6,1
895,b905b9c26c8ff8de01cb5f16f84581a6,a36363d8b2a4179b048a162db54cdc91,2014-03-13,1,1
896,8a387fa4cffde1ff1046aa9f80172157,58acf0150a367092c5d9b21dd4b28861,2016-10-28,9,1
897,bb157713c18d0bb3205855a7a1314f0e,47556a179acb46f680579be2d3a60b91,2017-04-30,9,1
898,11be5e66d988f2e4b515c30bfa539b40,69b9dea73e2eaee3fb8baddce0d92183,2012-04-23,7,0
899,81045e78c71df871b73552027726fc22,5e164d3c8305487e311364cfb5a0e5b1,2012-03-28,2,1
900,05b2934d3ba989ac43fa1606cca52a6c,e7730d2a70c6d373b575d7af2e982986,2020-07-01,9,1
901,b0194d67b44f251278c163beda7b2953,26ed86c437bb85b8da2769708287d3a5,2016-05-19,2,1
902,cbde635c3fabfdc4c68df97b16c5e6a7,2cff777855d89f0f8d3f918ef2c95376,2014-03-28,3,0
903,52663541cc85f751b0071b2b97489782,fa7247538b7d9dcf0029542b4572119d,2020-11-04,1,1
904,6e2bde9b327417c43155b4d75cc85335,51b2c839950e9a6a9889f344d8295f88,2014-02-07,5,1
905,dde6c3fd0502dc007a505d24115bc7ac,b0a4c780c86349c292851f4dd7bae73b,2013-09-19,3,1
906,fd89af958c0bed6d1c78f51bba74b7f4,ffd698f6e4a66ba10c22dfb633cfe545,2019-04-22,1,0
907,14cb02564851ac8fdc9618cf29fecd03,1ebe5f3c2f9a53f9aec54157ac02ff66,2017-10-25,2,1
908,62adff0d7d128810a69f28da7627fdab,a69ea66f0c1015e04725f97f3d5aff2d,2012-04-04,6,1
909,2a89a544bb4ce7a777c530dac9a7256f,7294b957e020a701cdad1e44e6413a93,2017-07-24,6,0
910,8a1b52c9d25b5b5a34cd02889991026a,7cd4e095b05041a02fe76bcefc6b4111,2017-06-09,6,1
911,d5ee2874e11975a08c977933f631a8cc,185fc81a3857d2853e523cde6d0bed96,2019-11-21,2,1
912,1745992bca80b68c1e2e1a8c04bd33be,6f9a1b1e6b8236a1fb9530161a48a0a2,2013-03-30,3,1
913,5316053c4cd2e43895abe486160e31ab,4b4aefe88493716b2e7f3469573c4388,2020-06-22,2,1
914,408c6fd5ecd3e959ec1afe921ad2ae1f,f49f026fe9224b1b732a59afc8904094,2010-03-30,9,1
915,bb492142345f6199065b15435f180b99,6393f10b19ffdfebad2e0cd866665b49,2016-04-24,7,0
916,af79daa14639e6914fd04ae67008d537,1255ca7b80c8f3a9618ad9ad7be29a60,2016-10-18,8,1
917,4990d606f6a5c51f3e835d57ab655f02,c4d5696b98b26d4ef075659ab79635b6,2014-02-06,6,1
918,16e6688571292e9f9cdb9c843bd7721c,99686310f5f00c2011687da6e1e06c7d,2018-02-21,2,1
919,aa2797128161f5f4c8f306423171edd0,47c18a9c49935c58a65efda6303afc9c,2020-12-25,4,1
920,e087bcfa2f514a2c5ebb59b7dcb53a80,27e6f7827489fdab6cb1c615ff1f8894,2011-10-10,5,1
921,81d04ae40d3026fae203e84e5734fce4,bd21bf06636a47cf1d5d508aea331c64,2016-04-10,5,1
922,bc398bbcdb4633e030c5a8c09e0e105b,1bbdfecbaa4d686c657908cb01e850fb,2018-03-12,10,1
923,95326d1d49d8af8770753527829863c8,85a46fe53a07f63c500152e9db7fc852,2015-06-02,5,1
924,808d6fab7b401cbd9994f05d34075f84,86c1a57968be946877998ae0b17efd48,2012-11-05,9,0
925,084f68f537ee2b69addf3ab8d2e269dc,67731c585ee72575a895be0c2233a5d2,2016-06-21,3,1
926,97c0cb40dbb4af9077879ef643aab6d3,1fb7c05aa13aee7da79825e73e94d0fd,2019-01-05,8,1
927,ce871a929d00380d0e1d383f55dd03bf,4f576f8b3194980f5a43ffc687470a8e,2017-03-27,10,1
928,b9f83d869d17696431a527d2f9f052fc,e5124c12b6875d13bfe71549957daad7,2010-05-31,7,0
929,261fdf69a743fb2830ea4f508b72884d,5f0bd3b4e23a9849a64bf0560b2ff743,2012-08-09,7,1
930,0149cb45516e4d5bcf4eb8a8664e40ed,887da77c405951e461035326639b7de2,2020-06-09,7,1
931,c006248495c35ba3b70be193f4028096,6b1d3a738aea459a00b7a09887a8ca1b,2015-08-07,10,0
932,f962009764b9155e938c74fc335e8b94,0ca48788c2ccb9fbdb6044563bf14421,2012-09-18,10,1
933,9dec119363113f412f1be611fc96feb3,2de2e2d0251398c16da7bb2734a6e188,2015-08-30,4,1
934,09578bd0f22eddb4641ef2dd26a5b1c0,98df38e6cbc3970d4f0b4392e6c43898,2015-07-11,7,0
935,125b82ca573a3eb0e0e8f2093883c21a,cc27bd181e28d959eda37543b5ecbce9,2019-08-18,10,1
936,54b1a4fcee4971e7449bbc5cbf51bc06,432b6d327df6e1254d0e117046d0b240,2013-12-25,4,1
937,274652669fa12c14453717fdae1700c5,efa2788a27d1c42f0c3d5e1bd2f4ba94,2015-11-12,5,1
938,5e75171b8d4c72615d030b257467c193,74a1665c6479ea5a594921c4e2d1103f,2014-01-03,4,1
939,7f9e3aeea86cc715572dcd7f63e57132,50658403cb8ea09d9c2e33d726ee09b4,2011-12-17,7,0
940,f0d6184d88de6576fc9f339906a50d89,0d48a3994e6ed58227a3aa94ae0893e7,2014-11-17,3,0
941,a9df2d0730e18f9903b17872e5df607c,58738d0c79c33aec825a3de60d2f40e4,2017-02-03,6,1
942,c1d52bca2a11a880ea27c5018a6246a3,4360187567515257a26f2ae8c89a1d00,2019-09-18,8,1
943,24f9fec1eb42aa6c41f98d231d6b273e,616a68f83c1937c9b40126f99bc9acc4,2011-01-15,5,1
944,606e850d077667f181032bb42b890c7f,45fb8244f3439cc25c043005865618e6,2020-11-19,2,0
945,bbdc1125d4aa53fbbc1a72db8ccd0ae3,0457a239197e2d6f89bed6c1b4b6c45f,2018-10-06,5,1
946,a1ab54109141cec5b2ca765b5cfff7af,f8fe095173cf5e090c4e239e4b15c333,2012-06-19,5,1
947,5705eb4d8649f5ded39e5892c0b0cd63,d0e8df06f34f5ace7b5feeb7bc5d575f,2017-01-02,3,1
948,f5c728a84a23dd52f9ae6726185287cc,b18842ab19908174a1d901a15582ebf6,2015-12-02,10,1
949,1e2fe01cd89cb6aeaf3ca40c43e583eb,e89ce9e9bf26c3640d21b45f2b67dbd4,2016-06-29,1,0
950,9fce5691b7639a911d03796fdd17464b,e5dd45134d1b862d1a2dd9be03f32dbd,2012-01-23,10,1
951,8c26ba1d11e25d6816f2d060efa1a048,7e87e09b3fce4ec674faf3c36bf4be6d,2012-06-17,4,1
952,ad23a90b8ee67f94bbc36f81496228af,6dee7fce82ef85f8b42a364b32682441,2020-02-10,3,1
953,ea889bcf07434a11af84bc7aa8b24a98,d8acf5d1b699e463e44b87a380b6e893,2012-09-15,4,1
954,a6918114556b66276f5361ad2a878e7c,b8bbe68aa906a3a8b25ea168275a80e9,2010-11-30,8,1
955,c8514e515f82c232701ef473852310a9,b487dd443d7cd4b4fa1b33b92da7da6c,2013-04-05,1,0
956,f1f258fe3ed95c78ef3e1e82cb2e4a51,92574ac132fbebf10fe6e8aed4cd4d08,2010-06-23,5,0
957,74014834dd3a7e7a3bc0b29d12f3bb90,28390d2ac9a60056a7c393806ab0e8bf,2019-10-24,2,1
958,24f73c289e9f36a06364b626cffa6024,26aa7ef6bc447f8480bbba55212f5986,2010-01-25,4,1
959,0eb0a9733e625cf23d1601301c8ebd0a,2f52af21d59dcca304f3d8ff5d2e5192,2016-10-25,6,1
960,db57cb85efca316070cb3c6c55dfada5,fc54b05b763256ad6b681f789cc8c04e,2012-09-06,4,1
961,3c2cd1e52cf3a14d0ef82ae14bb1638d,fb286043ffb93fb69c867d92339e7f0a,2010-07-23,8,1
962,0d675d88da0d6eb443a4fb86b7820354,ddfff3bdd11dfbb20721e31dee2faf97,2010-10-17,5,1
963,f2e55dc1da9a4d66cc49b85f50eaac92,7068ea7b8fa74535de077a14ef042a36,2012-02-22,4,1
964,695aee9fd130d52fa1ceb8a616a6a392,40229dccef41680e6ff02fa02ea00cdc,2010-04-06,1,1
965,f2391fdd090a790954ea07cb4be35ce7,244fee0a80a6673d21bcceac3822cdae,2014-04-17,7,0
966,46c6e00a43ecf990e1ea376a55da26e6,195467ba68b59a87e86b00a93856f92e,2012-06-05,6,1
967,02996642dea05221a7864c6126813c6f,c3bfe51ecb276821b9a8ea16c56e336c,2018-03-08,5,1
968,80c28b8ab81b1f2465217b518abe858a,68b238125983ab65589137d0bd8bb9eb,2020-12-27,3,1
969,e5474a6635a3c8e473c9f9d6bf9f2ca5,ef0afa6871a399593aa4f841dd6221a3,2018-05-15,7,0
970,79ab7df310250d91af796f43a13da268,7a36492615b39c922798a8c9c27b66f5,2016-08-28,5,1
971,832c3142177a13e90027df1bcc379559,a6927cbfa1ab16527a77a347d21409c1,2017-03-19,7,1
972,68380c3466c9f82f692adeba5ca1e634,f13f93d6344d34bdaa00871f2c444b39,2020-05-05,4,1
973,aae3c118ef007b0515cde0fe7c6c204c,54f967624aec9a4d48d36884ab56ad2f,2010-01-20,10,1
974,a07c703c9c5d600041d5e9033d102807,ad74bab9091db5cff7e730c4e5a7e6fe,2010-02-18,4,0
975,f1a8b8407cb5209823ccfed95ea3675b,9e4856fc166be5ebc6508f41dd0d9d60,2014-12-20,9,1
976,a0350ac9705d45f98ef6f9d5c9b6a261,886b4c207b55cadadf0c4faad542ef77,2012-08-14,10,1
977,88c956b1dfa2e9532dd9fbdc9eeb6504,dc9b31724a542e491331b1042e001868,2012-09-08,8,1
978,e625669323a2220f18e731509882a318,0b81fa08448f4d959616887d94cc7ab0,2016-05-11,6,1
979,3eee4c5407b66d38d880cceadf65ecaa,7aee5c5a49452a74db1870bc56e19597,2010-11-24,8,0
980,486b0d7b2931c3dd4ca7e8dabcf72638,7201204887dc17c83f88c9b3e232bdd9,2014-07-27,7,0
981,cfc714f17538f64b99bc8476b5f5cf48,eeac8862fa3d760aaae0ef89593da1cc,2018-08-08,7,0
982,cfd0fcb4d3f312731fcfa3e25370fd06,d28b96ad5b023e91ba5d894e3d1314ff,2012-07-06,9,1
983,f42395e7bd97bdd81528f6895be1b4b4,1e238a41385bbe5b69df17d34e898965,2019-02-01,10,0
984,703eb9ba27696d99c9c5daa56f08c781,2fc7295e1d110cc06a408e6c25b165a7,2018-07-29,2,1
985,339355252e292f182ff7967a288c2835,0e86ebc4b854b3386858730bc776000f,2018-05-10,9,1
986,3769f8507a5a61608f588077e2ff1aac,816d4b596bd8fd2d43f2b89e7e556be9,2020-07-15,5,1
987,ba44a90ebd2a9371510f4b67bf0b0b03,8eb000e41e427bc379e1b2b1ad509a87,2017-05-30,9,1
988,bb577953b97fa74a8f3fb24315968d8a,33a828c8737c23ec1abe892b73a4cef5,2012-01-07,2,1
989,b0aa90cc9d7f3a4b898e3226d13034c2,ebd97fdc514cb29d5a699ac7d2ef3258,2014-12-23,4,1
990,9b9b297618273fc6f02c30125f9fbfb3,43f8b26e1bf50948ea9ff2e2eeeaf398,2010-05-02,4,1
991,53512f430939837feeb2a548b0928adf,d5684f88af0cf37c8a0f2767bc53f638,2014-12-23,10,1
992,ca9dd094025c1c2c9effc7b41b618df1,b628a96b8386f7e29b24d217ac8fe0d5,2013-10-06,10,1
993,fd760901295dd454db3886221ce9c085,1ddce525a2f6e3104d17b7d90d88645d,2010-01-13,6,1
994,9afb34ac16585fc75371c0294dc9ad8c,a040f4dd61918663797633b0b1135b81,2014-02-28,10,0
995,5386d99d21098659d563dbfbfed07d87,42bda0529ee0c3fe9fe4a84e3f66fd33,2015-12-06,3,1
996,9ac39dc071a42694e4bf7d262776f510,beb9f2969b12112457b796213edc0de4,2010-01-19,9,1
997,b5bd834fca7705544cbbda56aecded48,7886e734960a9da5f360abf03ec2e5f0,2017-02-02,1,1
998,b1608067e15bb336b97e67d7daf917c4,f60a94fca3bd1eb731540a2cca8c499a,2011-07-05,1,1
999,24f4b36a1bb4e17c7ee80b37bdfcabe9,d5f851985d9983dbade9819241315f1c,2015-12-10,5,1
